supervisor_id,domain,domain_count,dominance,latest_year,experience_score,recency_score,preference_score,saturation_penalty,final_score
SUP-001,Convolutional Neural Networks,1,0.2,2023.0,0.2,1.0,0.0,0.0,0.33
SUP-001,Deep Learning,1,0.2,2023.0,0.2,1.0,0.0,0.0,0.33
SUP-001,Image Deblurring,1,0.2,2023.0,0.2,1.0,0.0,0.0,0.33
SUP-001,Image Processing,1,0.2,2023.0,0.2,1.0,1.0,0.0,0.53
SUP-001,Low-Light Imaging,1,0.2,2023.0,0.2,1.0,0.0,0.0,0.33
SUP-002,Abstractive Summarization,1,0.2,2023.0,0.2,1.0,0.0,0.0,0.33
SUP-002,Deep Learning,1,0.2,2023.0,0.2,1.0,0.0,0.0,0.33
SUP-002,Natural Language Processing,1,0.2,2023.0,0.2,1.0,1.0,0.0,0.53
SUP-002,ROUGE Evaluation,1,0.2,2023.0,0.2,1.0,0.0,0.0,0.33
SUP-002,Transfer Learning,1,0.2,2023.0,0.2,1.0,0.0,0.0,0.33
SUP-003,Machine Learning,3,0.0857142857142857,2020.0,0.6,0.7,1.0,0.0,0.615
SUP-003,Anomaly Detection,2,0.0571428571428571,2020.0,0.4,0.7,0.0,0.0,0.335
SUP-003,Deep Learning,2,0.0571428571428571,2020.0,0.4,0.7,1.0,0.0,0.535
SUP-003,Financial Transactions,2,0.0571428571428571,2020.0,0.4,0.7,0.0,0.0,0.335
SUP-003,Fraud Detection,2,0.0571428571428571,2020.0,0.4,0.7,0.0,0.0,0.335
SUP-003,Active Learning,1,0.0285714285714285,2025.0,0.2,1.0,0.0,0.0,0.33
SUP-003,Agricultural Imaging,1,0.0285714285714285,2020.0,0.2,0.7,0.0,0.0,0.255
SUP-003,Binary Classification,1,0.0285714285714285,2016.0,0.2,0.7,0.0,0.0,0.255
SUP-003,Biomedical Data Analysis,1,0.0285714285714285,2019.0,0.2,0.7,0.0,0.0,0.255
SUP-003,Chest X-ray Analysis,1,0.0285714285714285,2019.0,0.2,0.7,0.0,0.0,0.255
SUP-003,Cold Start Problem,1,0.0285714285714285,2025.0,0.2,1.0,0.0,0.0,0.33
SUP-003,Collaborative Filtering,1,0.0285714285714285,2025.0,0.2,1.0,0.0,0.0,0.33
SUP-003,Computer Vision,1,0.0285714285714285,2020.0,0.2,0.7,0.0,0.0,0.255
SUP-003,Configuration Parameter Tuning,1,0.0285714285714285,2020.0,0.2,0.7,0.0,0.0,0.255
SUP-003,Cybersecurity,1,0.0285714285714285,2020.0,0.2,0.7,0.0,0.0,0.255
SUP-003,Database Management Systems,1,0.0285714285714285,2020.0,0.2,0.7,0.0,0.0,0.255
SUP-003,Database Optimization,1,0.0285714285714285,2020.0,0.2,0.7,0.0,0.0,0.255
SUP-003,Gene Prioritization,1,0.0285714285714285,2016.0,0.2,0.7,0.0,0.0,0.255
SUP-003,Generative Adversarial Networks,1,0.0285714285714285,2025.0,0.2,1.0,0.0,0.0,0.33
SUP-003,Genetic Data Mining,1,0.0285714285714285,2016.0,0.2,0.7,0.0,0.0,0.255
SUP-003,Image Classification,1,0.0285714285714285,2020.0,0.2,0.7,0.0,0.0,0.255
SUP-003,Inherited Disease Detection,1,0.0285714285714285,2016.0,0.2,0.7,0.0,0.0,0.255
SUP-003,Lung Disease Diagnosis,1,0.0285714285714285,2019.0,0.2,0.7,0.0,0.0,0.255
SUP-003,Optimization Techniques,1,0.0285714285714285,2020.0,0.2,0.7,0.0,0.0,0.255
SUP-003,Outlier Detection,1,0.0285714285714285,2018.0,0.2,0.7,0.0,0.0,0.255
SUP-003,Pattern Recognition,1,0.0285714285714285,2016.0,0.2,0.7,0.0,0.0,0.255
SUP-003,Physical Design Optimization,1,0.0285714285714285,2020.0,0.2,0.7,0.0,0.0,0.255
SUP-003,Plant Disease Detection,1,0.0285714285714285,2020.0,0.2,0.7,0.0,0.0,0.255
SUP-003,Recommendation Systems,1,0.0285714285714285,2025.0,0.2,1.0,0.0,0.0,0.33
SUP-004,Biomedical Engineering,1,0.2,2025.0,0.2,1.0,0.0,0.0,0.33
SUP-004,Cyborg Technology,1,0.2,2025.0,0.2,1.0,0.0,0.0,0.33
SUP-004,Healthcare Monitoring,1,0.2,2025.0,0.2,1.0,0.0,0.0,0.33
SUP-004,Medical Implants,1,0.2,2025.0,0.2,1.0,0.0,0.0,0.33
SUP-004,Wearable and Embedded Devices,1,0.2,2025.0,0.2,1.0,0.0,0.0,0.33
SUP-005,Binary Classification,1,0.2,2023.0,0.2,1.0,0.0,0.0,0.33
SUP-005,Logistic Regression,1,0.2,2023.0,0.2,1.0,0.0,0.0,0.33
SUP-005,Machine Learning,1,0.2,2023.0,0.2,1.0,0.0,0.0,0.33
SUP-005,Malicious URL Detection,1,0.2,2023.0,0.2,1.0,0.0,0.0,0.33
SUP-005,Text Feature Extraction,1,0.2,2023.0,0.2,1.0,0.0,0.0,0.33
SUP-006,Automated News Analysis,1,0.2,2024.0,0.2,1.0,0.0,0.0,0.33
SUP-006,Natural Language Processing,1,0.2,2024.0,0.2,1.0,1.0,0.0,0.53
SUP-006,Real-Time Data Processing,1,0.2,2024.0,0.2,1.0,0.0,0.0,0.33
SUP-006,Sentiment Analysis,1,0.2,2024.0,0.2,1.0,0.0,0.0,0.33
SUP-006,Text Summarization,1,0.2,2024.0,0.2,1.0,0.0,0.0,0.33
SUP-007,Panoramic Imaging,5,0.1428571428571428,2025.0,1.0,1.0,0.0,0.0,0.65
SUP-007,Image Stitching,3,0.0857142857142857,2025.0,0.6,1.0,0.0,0.0,0.49
SUP-007,Aesthetic Evaluation,2,0.0571428571428571,2011.0,0.4,0.4,0.0,0.0,0.26
SUP-007,Color Balance,2,0.0571428571428571,2023.0,0.4,1.0,0.0,0.0,0.41000000000000003
SUP-007,Computational Aesthetics,2,0.0571428571428571,2011.0,0.4,0.4,1.0,0.0,0.46
SUP-007,Cultural Heritage Digitization,2,0.0571428571428571,2025.0,0.4,1.0,0.0,0.0,0.41000000000000003
SUP-007,Digital Archives,2,0.0571428571428571,2025.0,0.4,1.0,0.0,0.0,0.41000000000000003
SUP-007,Digital Imaging,2,0.0571428571428571,2023.0,0.4,1.0,0.0,0.0,0.41000000000000003
SUP-007,Digital Repositories,2,0.0571428571428571,2025.0,0.4,1.0,0.0,0.0,0.41000000000000003
SUP-007,Image Quality Assessment,2,0.0571428571428571,2023.0,0.4,1.0,0.0,0.0,0.41000000000000003
SUP-007,Noise and Distortion,2,0.0571428571428571,2023.0,0.4,1.0,0.0,0.0,0.41000000000000003
SUP-007,Artwork Analysis,1,0.0285714285714285,2010.0,0.2,0.4,0.0,0.0,0.18000000000000002
SUP-007,Cultural Heritage Conservation,1,0.0285714285714285,2024.0,0.2,1.0,0.0,0.0,0.33
SUP-007,Digital Image Analysis,1,0.0285714285714285,2011.0,0.2,0.4,0.0,0.0,0.18000000000000002
SUP-007,Digital Preservation,1,0.0285714285714285,2024.0,0.2,1.0,0.0,0.0,0.33
SUP-007,Digitization Techniques,1,0.0285714285714285,2024.0,0.2,1.0,0.0,0.0,0.33
SUP-007,Image Aesthetics,1,0.0285714285714285,2010.0,0.2,0.4,0.0,0.0,0.18000000000000002
SUP-007,Image Ranking,1,0.0285714285714285,2011.0,0.2,0.4,0.0,0.0,0.18000000000000002
SUP-007,Parameter Weighting,1,0.0285714285714285,2010.0,0.2,0.4,0.0,0.0,0.18000000000000002
SUP-007,Visual Arts,1,0.0285714285714285,2011.0,0.2,0.4,0.0,0.0,0.18000000000000002
SUP-008,Agricultural Automation,3,0.075,2022.0,0.6,1.0,0.0,0.0,0.49
SUP-008,Drone Imaging,3,0.075,2017.0,0.6,0.7,0.0,0.0,0.415
SUP-008,Computer Vision,2,0.05,2020.0,0.4,0.7,0.0,0.0,0.335
SUP-008,Dengue Surveillance,2,0.05,2017.0,0.4,0.7,0.0,0.0,0.335
SUP-008,Mosquito Breeding Site Detection,2,0.05,2017.0,0.4,0.7,0.0,0.0,0.335
SUP-008,Path Planning,2,0.05,2022.0,0.4,1.0,0.0,0.0,0.41000000000000003
SUP-008,Pesticide Spraying,2,0.05,2022.0,0.4,1.0,0.0,0.0,0.41000000000000003
SUP-008,Precision Agriculture,2,0.05,2022.0,0.4,1.0,0.0,0.0,0.41000000000000003
SUP-008,Assistive Technology,1,0.025,2019.0,0.2,0.7,0.0,0.0,0.255
SUP-008,Autonomous Drones,1,0.025,2018.0,0.2,0.7,0.0,0.0,0.255
SUP-008,Crop Spraying,1,0.025,2019.0,0.2,0.7,0.0,0.0,0.255
SUP-008,Dengue Control,1,0.025,2020.0,0.2,0.7,0.0,0.0,0.255
SUP-008,Dengue Detection,1,0.025,2017.0,0.2,0.7,0.0,0.0,0.255
SUP-008,Drone Simulation,1,0.025,2018.0,0.2,0.7,0.0,0.0,0.255
SUP-008,Drone Swarms,1,0.025,2019.0,0.2,0.7,0.0,0.0,0.255
SUP-008,Hearing Impairment Communication,1,0.025,2019.0,0.2,0.7,0.0,0.0,0.255
SUP-008,Mobile Accessibility,1,0.025,2019.0,0.2,0.7,0.0,0.0,0.255
SUP-008,Morse Code,1,0.025,2019.0,0.2,0.7,0.0,0.0,0.255
SUP-008,Mosquito Breeding Detection,1,0.025,2020.0,0.2,0.7,0.0,0.0,0.255
SUP-008,Mosquito Breeding Site Identification,1,0.025,2017.0,0.2,0.7,0.0,0.0,0.255
SUP-008,Pesticide Optimization,1,0.025,2019.0,0.2,0.7,0.0,0.0,0.255
SUP-008,Public Health Automation,1,0.025,2020.0,0.2,0.7,0.0,0.0,0.255
SUP-008,Public Health Inspection,1,0.025,2017.0,0.2,0.7,0.0,0.0,0.255
SUP-008,Public Health Monitoring,1,0.025,2017.0,0.2,0.7,0.0,0.0,0.255
SUP-008,Public Health Surveillance,1,0.025,2017.0,0.2,0.7,0.0,0.0,0.255
SUP-008,Satellite Farming,1,0.025,2022.0,0.2,1.0,0.0,0.0,0.33
SUP-008,Standing Water Identification,1,0.025,2020.0,0.2,0.7,0.0,0.0,0.255
SUP-008,Tactile Feedback,1,0.025,2019.0,0.2,0.7,0.0,0.0,0.255
SUP-008,Water Retention Detection,1,0.025,2017.0,0.2,0.7,0.0,0.0,0.255
SUP-008,Water Retention Mapping,1,0.025,2017.0,0.2,0.7,0.0,0.0,0.255
SUP-009,Autonomous Driving,1,0.2,2025.0,0.2,1.0,0.0,0.0,0.33
SUP-009,Collision Detection,1,0.2,2025.0,0.2,1.0,0.0,0.0,0.33
SUP-009,Deep Learning,1,0.2,2025.0,0.2,1.0,0.0,0.0,0.33
SUP-009,Obstacle Mapping,1,0.2,2025.0,0.2,1.0,0.0,0.0,0.33
SUP-009,Signed Distance Function,1,0.2,2025.0,0.2,1.0,0.0,0.0,0.33
SUP-010,Neural Machine Translation,3,0.0967741935483871,2025.0,0.6,1.0,0.0,0.0,0.49
SUP-010,Multilingual Language Models,2,0.064516129032258,2025.0,0.4,1.0,0.0,0.0,0.41000000000000003
SUP-010,Bitext Mining,1,0.032258064516129,2025.0,0.2,1.0,0.0,0.0,0.33
SUP-010,Corpus Linguistics,1,0.032258064516129,2021.0,0.2,1.0,0.0,0.0,0.33
SUP-010,Cross-Lingual Representation Learning,1,0.032258064516129,2025.0,0.2,1.0,0.0,0.0,0.33
SUP-010,Data Augmentation,1,0.032258064516129,2020.0,0.2,0.7,0.0,0.0,0.255
SUP-010,Data Quality Assessment,1,0.032258064516129,2024.0,0.2,1.0,0.0,0.0,0.33
SUP-010,Document Alignment,1,0.032258064516129,2023.0,0.2,1.0,0.0,0.0,0.33
SUP-010,Language Resource Availability,1,0.032258064516129,2024.0,0.2,1.0,0.0,0.0,0.33
SUP-010,Machine Translation,1,0.032258064516129,2020.0,0.2,0.7,1.0,0.0,0.455
SUP-010,Morphologically Rich Languages,1,0.032258064516129,2020.0,0.2,0.7,0.0,0.0,0.255
SUP-010,Multilingual Pre-trained Language Models,1,0.032258064516129,2025.0,0.2,1.0,0.0,0.0,0.33
SUP-010,NLP Community,1,0.032258064516129,2024.0,0.2,1.0,0.0,0.0,0.33
SUP-010,Natural Language Processing,1,0.032258064516129,2021.0,0.2,1.0,0.0,0.0,0.33
SUP-010,Natural Language Processing Research,1,0.032258064516129,2024.0,0.2,1.0,0.0,0.0,0.33
SUP-010,Open Science,1,0.032258064516129,2024.0,0.2,1.0,0.0,0.0,0.33
SUP-010,Parallel Corpus Evaluation,1,0.032258064516129,2024.0,0.2,1.0,0.0,0.0,0.33
SUP-010,Parallel Corpus Mining,1,0.032258064516129,2023.0,0.2,1.0,0.0,0.0,0.33
SUP-010,Parallel Data Curation,1,0.032258064516129,2025.0,0.2,1.0,0.0,0.0,0.33
SUP-010,Part-of-Speech Tagging,1,0.032258064516129,2021.0,0.2,1.0,0.0,0.0,0.33
SUP-010,Research Artefact Sharing,1,0.032258064516129,2024.0,0.2,1.0,0.0,0.0,0.33
SUP-010,Sentence Alignment,1,0.032258064516129,2023.0,0.2,1.0,0.0,0.0,0.33
SUP-010,Sentence Similarity Ranking,1,0.032258064516129,2025.0,0.2,1.0,0.0,0.0,0.33
SUP-010,Sinhala Language Resources,1,0.032258064516129,2021.0,0.2,1.0,0.0,0.0,0.33
SUP-010,Statistical Machine Translation,1,0.032258064516129,2020.0,0.2,0.7,0.0,0.0,0.255
SUP-010,Web-Mined Corpora,1,0.032258064516129,2025.0,0.2,1.0,0.0,0.0,0.33
SUP-010,Web-Mined Corpora Analysis,1,0.032258064516129,2024.0,0.2,1.0,0.0,0.0,0.33
SUP-010,Word Frequency Lists,1,0.032258064516129,2021.0,0.2,1.0,0.0,0.0,0.33
SUP-011,Automated Design,1,0.05,2003.0,0.2,0.4,0.0,0.0,0.18000000000000002
SUP-011,Business Analytics,1,0.05,2019.0,0.2,0.7,0.0,0.0,0.255
SUP-011,Colombo Consumer Price Index,1,0.05,2021.0,0.2,1.0,0.0,0.0,0.33
SUP-011,Customer Churn Prediction,1,0.05,2019.0,0.2,0.7,0.0,0.0,0.255
SUP-011,Customer Retention,1,0.05,2019.0,0.2,0.7,0.0,0.0,0.255
SUP-011,Design Automation,1,0.05,2003.0,0.2,0.4,0.0,0.0,0.18000000000000002
SUP-011,Economic Forecasting,1,0.05,2021.0,0.2,1.0,0.0,0.0,0.33
SUP-011,Electric Motor Design,1,0.05,2003.0,0.2,0.4,0.0,0.0,0.18000000000000002
SUP-011,Electromagnetic Product Design,1,0.05,2007.0,0.2,0.4,0.0,0.0,0.18000000000000002
SUP-011,Engineering Optimization,1,0.05,2003.0,0.2,0.4,0.0,0.0,0.18000000000000002
SUP-011,Financial Modeling,1,0.05,2021.0,0.2,1.0,0.0,0.0,0.33
SUP-011,Inflation Prediction,1,0.05,2021.0,0.2,1.0,0.0,0.0,0.33
SUP-011,Knowledge Specification Languages,1,0.05,2007.0,0.2,0.4,0.0,0.0,0.18000000000000002
SUP-011,Knowledge-Based Engineering,1,0.05,2003.0,0.2,0.4,0.0,0.0,0.18000000000000002
SUP-011,Logic Programming,1,0.05,2007.0,0.2,0.4,0.0,0.0,0.18000000000000002
SUP-011,Logistic Regression,1,0.05,2019.0,0.2,0.7,0.0,0.0,0.255
SUP-011,Motor Selection,1,0.05,2007.0,0.2,0.4,0.0,0.0,0.18000000000000002
SUP-011,Object-Oriented Programming,1,0.05,2007.0,0.2,0.4,0.0,0.0,0.18000000000000002
SUP-011,Support Vector Regression,1,0.05,2021.0,0.2,1.0,0.0,0.0,0.33
SUP-011,Telecommunications Industry,1,0.05,2019.0,0.2,0.7,0.0,0.0,0.255
SUP-012,Haptic Interfaces,2,0.0869565217391304,2015.0,0.4,0.4,0.0,0.0,0.26
SUP-012,Haptic Motion Rendering,2,0.0869565217391304,2013.0,0.4,0.4,0.0,0.0,0.26
SUP-012,Advanced Driver Assistance Systems,1,0.0434782608695652,2020.0,0.2,0.7,0.0,0.0,0.255
SUP-012,Automated Vehicle Overtaking,1,0.0434782608695652,2020.0,0.2,0.7,0.0,0.0,0.255
SUP-012,Haptic Interaction,1,0.0434782608695652,2013.0,0.2,0.4,0.0,0.0,0.18000000000000002
SUP-012,Human–Computer Interaction,1,0.0434782608695652,2015.0,0.2,0.4,0.0,0.0,0.18000000000000002
SUP-012,Lane Detection,1,0.0434782608695652,2020.0,0.2,0.7,0.0,0.0,0.255
SUP-012,Multimodal Interaction,1,0.0434782608695652,2012.0,0.2,0.4,0.0,0.0,0.18000000000000002
SUP-012,Multimodal User Experience,1,0.0434782608695652,2013.0,0.2,0.4,0.0,0.0,0.18000000000000002
SUP-012,Object Motion Perception,1,0.0434782608695652,2013.0,0.2,0.4,0.0,0.0,0.18000000000000002
SUP-012,Object Motion Rendering,1,0.0434782608695652,2013.0,0.2,0.4,0.0,0.0,0.18000000000000002
SUP-012,Optical Flow Analysis,1,0.0434782608695652,2012.0,0.2,0.4,0.0,0.0,0.18000000000000002
SUP-012,SPIDAR Haptic Interface,1,0.0434782608695652,2013.0,0.2,0.4,0.0,0.0,0.18000000000000002
SUP-012,SPIDAR System,1,0.0434782608695652,2015.0,0.2,0.4,0.0,0.0,0.18000000000000002
SUP-012,SPIDAR-G Device,1,0.0434782608695652,2013.0,0.2,0.4,0.0,0.0,0.18000000000000002
SUP-012,Traffic Sign Recognition,1,0.0434782608695652,2020.0,0.2,0.7,0.0,0.0,0.255
SUP-012,User-Centered Interaction,1,0.0434782608695652,2013.0,0.2,0.4,0.0,0.0,0.18000000000000002
SUP-012,Vehicle Detection,1,0.0434782608695652,2020.0,0.2,0.7,0.0,0.0,0.255
SUP-012,Video Interaction,1,0.0434782608695652,2013.0,0.2,0.4,0.0,0.0,0.18000000000000002
SUP-012,Virtual Reality,1,0.0434782608695652,2015.0,0.2,0.4,1.0,0.0,0.38
SUP-012,Virtual Reality Interaction,1,0.0434782608695652,2012.0,0.2,0.4,0.0,0.0,0.18000000000000002
SUP-013,Research Analytics,2,0.0833333333333333,2015.0,0.4,0.4,0.0,0.0,0.26
SUP-013,Social Network Analysis,2,0.0833333333333333,2015.0,0.4,0.4,0.0,0.0,0.26
SUP-013,Academic Collaboration,1,0.0416666666666666,2015.0,0.2,0.4,0.0,0.0,0.18000000000000002
SUP-013,Autonomous Decision Making,1,0.0416666666666666,2020.0,0.2,0.7,0.0,0.0,0.255
SUP-013,Data Integration,1,0.0416666666666666,2013.0,0.2,0.4,0.0,0.0,0.18000000000000002
SUP-013,Deceptive Review Detection,1,0.0416666666666666,2020.0,0.2,0.7,0.0,0.0,0.255
SUP-013,Decision Support Systems,1,0.0416666666666666,2013.0,0.2,0.4,0.0,0.0,0.18000000000000002
SUP-013,Disaster Management,1,0.0416666666666666,2013.0,0.2,0.4,0.0,0.0,0.18000000000000002
SUP-013,Disaster Mitigation,1,0.0416666666666666,2013.0,0.2,0.4,0.0,0.0,0.18000000000000002
SUP-013,Disaster Preparedness,1,0.0416666666666666,2013.0,0.2,0.4,0.0,0.0,0.18000000000000002
SUP-013,Dynamic Task Scheduling,1,0.0416666666666666,2020.0,0.2,0.7,0.0,0.0,0.255
SUP-013,Expert Recommendation,1,0.0416666666666666,2015.0,0.2,0.4,0.0,0.0,0.18000000000000002
SUP-013,Institutional Connectivity,1,0.0416666666666666,2015.0,0.2,0.4,0.0,0.0,0.18000000000000002
SUP-013,Linked Open Data,1,0.0416666666666666,2013.0,0.2,0.4,0.0,0.0,0.18000000000000002
SUP-013,Natural Language Processing,1,0.0416666666666666,2020.0,0.2,0.7,0.0,0.0,0.255
SUP-013,Operational Management,1,0.0416666666666666,2020.0,0.2,0.7,0.0,0.0,0.255
SUP-013,Opinion Mining,1,0.0416666666666666,2020.0,0.2,0.7,0.0,0.0,0.255
SUP-013,Reinforcement Learning,1,0.0416666666666666,2020.0,0.2,0.7,0.0,0.0,0.255
SUP-013,Research Project Selection,1,0.0416666666666666,2013.0,0.2,0.4,0.0,0.0,0.18000000000000002
SUP-013,Resource Allocation,1,0.0416666666666666,2020.0,0.2,0.7,0.0,0.0,0.255
SUP-013,Review Spam Detection,1,0.0416666666666666,2020.0,0.2,0.7,0.0,0.0,0.255
SUP-013,Reviewer Assignment,1,0.0416666666666666,2013.0,0.2,0.4,0.0,0.0,0.18000000000000002
SUP-014,Active Learning Strategies,1,0.04,2025.0,0.2,1.0,0.0,0.0,0.33
SUP-014,Automatic Text Summarization,1,0.04,2023.0,0.2,1.0,0.0,0.0,0.33
SUP-014,Document Analysis,1,0.04,2023.0,0.2,1.0,0.0,0.0,0.33
SUP-014,Document Re-purposing,1,0.04,2023.0,0.2,1.0,0.0,0.0,0.33
SUP-014,E-Learning Content,1,0.04,2023.0,0.2,1.0,0.0,0.0,0.33
SUP-014,Educational Alignment,1,0.04,2025.0,0.2,1.0,0.0,0.0,0.33
SUP-014,Educational Content Digitization,1,0.04,2023.0,0.2,1.0,0.0,0.0,0.33
SUP-014,Educational Intervention,1,0.04,2025.0,0.2,1.0,0.0,0.0,0.33
SUP-014,Educational Technology,1,0.04,2023.0,0.2,1.0,0.0,0.0,0.33
SUP-014,Formative Assessment,1,0.04,2025.0,0.2,1.0,0.0,0.0,0.33
SUP-014,Formative Feedback,1,0.04,2025.0,0.2,1.0,0.0,0.0,0.33
SUP-014,Higher Education,1,0.04,2025.0,0.2,1.0,0.0,0.0,0.33
SUP-014,IT Job Market Analysis,1,0.04,2025.0,0.2,1.0,0.0,0.0,0.33
SUP-014,Industry Skill Demand,1,0.04,2025.0,0.2,1.0,0.0,0.0,0.33
SUP-014,Job Data Mining,1,0.04,2025.0,0.2,1.0,0.0,0.0,0.33
SUP-014,Note Generation,1,0.04,2023.0,0.2,1.0,0.0,0.0,0.33
SUP-014,PDF-to-HTML Conversion,1,0.04,2023.0,0.2,1.0,0.0,0.0,0.33
SUP-014,Performance Anxiety,1,0.04,2025.0,0.2,1.0,0.0,0.0,0.33
SUP-014,Programming Education,1,0.04,2025.0,0.2,1.0,0.0,0.0,0.33
SUP-014,School Textbooks,1,0.04,2023.0,0.2,1.0,0.0,0.0,0.33
SUP-014,Skills Gap Identification,1,0.04,2025.0,0.2,1.0,0.0,0.0,0.33
SUP-014,Stepwise Assessment,1,0.04,2025.0,0.2,1.0,0.0,0.0,0.33
SUP-014,Student Anxiety,1,0.04,2025.0,0.2,1.0,0.0,0.0,0.33
SUP-014,Student Engagement,1,0.04,2025.0,0.2,1.0,0.0,0.0,0.33
SUP-014,Text and Image Extraction,1,0.04,2023.0,0.2,1.0,0.0,0.0,0.33
SUP-015,Agile Development,1,0.2,2018.0,0.2,0.7,0.0,0.0,0.255
SUP-015,Code Generation,1,0.2,2018.0,0.2,0.7,0.0,0.0,0.255
SUP-015,Ontology-Based Software Engineering,1,0.2,2018.0,0.2,0.7,0.0,0.0,0.255
SUP-015,Software Automation,1,0.2,2018.0,0.2,0.7,0.0,0.0,0.255
SUP-015,User Stories,1,0.2,2018.0,0.2,0.7,0.0,0.0,0.255
SUP-016,Bone Fracture Detection,2,0.0833333333333333,2025.0,0.4,1.0,0.0,0.0,0.41000000000000003
SUP-016,Deep Learning,2,0.0833333333333333,2025.0,0.4,1.0,0.0,0.0,0.41000000000000003
SUP-016,Fracture Classification,2,0.0833333333333333,2025.0,0.4,1.0,0.0,0.0,0.41000000000000003
SUP-016,Machine Learning,2,0.0833333333333333,2024.0,0.4,1.0,1.0,0.0,0.6100000000000001
SUP-016,Computer Vision,1,0.0416666666666666,2024.0,0.2,1.0,0.0,0.0,0.33
SUP-016,Fracture Localization,1,0.0416666666666666,2024.0,0.2,1.0,0.0,0.0,0.33
SUP-016,Fracture Segmentation,1,0.0416666666666666,2025.0,0.2,1.0,0.0,0.0,0.33
SUP-016,Generalization Robustness,1,0.0416666666666666,2024.0,0.2,1.0,0.0,0.0,0.33
SUP-016,Hallucination Reduction,1,0.0416666666666666,2025.0,0.2,1.0,0.0,0.0,0.33
SUP-016,Hotel Review Analysis,1,0.0416666666666666,2018.0,0.2,0.7,0.0,0.0,0.255
SUP-016,Image Forgery Analysis,1,0.0416666666666666,2024.0,0.2,1.0,0.0,0.0,0.33
SUP-016,Large Language Models,1,0.0416666666666666,2025.0,0.2,1.0,0.0,0.0,0.33
SUP-016,Maintenance Issue Detection,1,0.0416666666666666,2018.0,0.2,0.7,0.0,0.0,0.255
SUP-016,Medical Imaging,1,0.0416666666666666,2025.0,0.2,1.0,0.0,0.0,0.33
SUP-016,Natural Language Processing,1,0.0416666666666666,2018.0,0.2,0.7,1.0,0.0,0.455
SUP-016,Parameter Efficient Fine Tuning,1,0.0416666666666666,2025.0,0.2,1.0,0.0,0.0,0.33
SUP-016,Pixel-Level Manipulation,1,0.0416666666666666,2024.0,0.2,1.0,0.0,0.0,0.33
SUP-016,Retrieval Augmented Generation,1,0.0416666666666666,2025.0,0.2,1.0,0.0,0.0,0.33
SUP-016,Sentiment Analysis,1,0.0416666666666666,2018.0,0.2,0.7,0.0,0.0,0.255
SUP-016,X-ray Image Analysis,1,0.0416666666666666,2024.0,0.2,1.0,0.0,0.0,0.33
SUP-017,Biomedical Signal Analysis,1,0.1,2020.0,0.2,0.7,0.0,0.0,0.255
SUP-017,Deep Learning,1,0.1,2020.0,0.2,0.7,0.0,0.0,0.255
SUP-017,ECG Signal Processing,1,0.1,2020.0,0.2,0.7,0.0,0.0,0.255
SUP-017,GPRS Communication,1,0.1,2017.0,0.2,0.7,0.0,0.0,0.255
SUP-017,Gas Monitoring System,1,0.1,2017.0,0.2,0.7,0.0,0.0,0.255
SUP-017,Hazardous Gas Detection,1,0.1,2017.0,0.2,0.7,0.0,0.0,0.255
SUP-017,Heart Arrhythmia Classification,1,0.1,2020.0,0.2,0.7,0.0,0.0,0.255
SUP-017,Mine Safety,1,0.1,2017.0,0.2,0.7,0.0,0.0,0.255
SUP-017,QRS Detection,1,0.1,2020.0,0.2,0.7,0.0,0.0,0.255
SUP-017,Wireless Sensor Networks,1,0.1,2017.0,0.2,0.7,0.0,0.0,0.255
SUP-018,Career Development,1,0.2,2024.0,0.2,1.0,0.0,0.0,0.33
SUP-018,Human–Computer Interaction,1,0.2,2024.0,0.2,1.0,0.0,0.0,0.33
SUP-018,IT Industry Sri Lanka,1,0.2,2024.0,0.2,1.0,0.0,0.0,0.33
SUP-018,Skills Gap,1,0.2,2024.0,0.2,1.0,0.0,0.0,0.33
SUP-018,User Experience Research,1,0.2,2024.0,0.2,1.0,0.0,0.0,0.33
SUP-019,Natural Language Processing,3,0.125,2021.0,0.6,1.0,0.0,0.0,0.49
SUP-019,Sentiment Analysis,2,0.0833333333333333,2018.0,0.4,0.7,1.0,0.0,0.535
SUP-019,Aspect-Based Opinion Mining,1,0.0416666666666666,2018.0,0.2,0.7,0.0,0.0,0.255
SUP-019,Augmented Reality,1,0.0416666666666666,2014.0,0.2,0.4,0.0,0.0,0.18000000000000002
SUP-019,Bioinformatics Data Sharing,1,0.0416666666666666,2019.0,0.2,0.7,0.0,0.0,0.255
SUP-019,Blockchain Technology,1,0.0416666666666666,2019.0,0.2,0.7,0.0,0.0,0.255
SUP-019,Computer Vision,1,0.0416666666666666,2014.0,0.2,0.4,0.0,0.0,0.18000000000000002
SUP-019,Database Querying,1,0.0416666666666666,2021.0,0.2,1.0,0.0,0.0,0.33
SUP-019,Face Recognition,1,0.0416666666666666,2014.0,0.2,0.4,0.0,0.0,0.18000000000000002
SUP-019,Hotel Review Analysis,1,0.0416666666666666,2018.0,0.2,0.7,0.0,0.0,0.255
SUP-019,Human Identification Systems,1,0.0416666666666666,2014.0,0.2,0.4,0.0,0.0,0.18000000000000002
SUP-019,Machine Learning,1,0.0416666666666666,2018.0,0.2,0.7,0.0,0.0,0.255
SUP-019,Machine Learning Validation,1,0.0416666666666666,2019.0,0.2,0.7,0.0,0.0,0.255
SUP-019,Maintenance Issue Extraction,1,0.0416666666666666,2018.0,0.2,0.7,0.0,0.0,0.255
SUP-019,Medical Data Privacy,1,0.0416666666666666,2019.0,0.2,0.7,0.0,0.0,0.255
SUP-019,Mobile Decision Support,1,0.0416666666666666,2018.0,0.2,0.7,0.0,0.0,0.255
SUP-019,Restaurant Review Analysis,1,0.0416666666666666,2018.0,0.2,0.7,0.0,0.0,0.255
SUP-019,SQL Query Generation,1,0.0416666666666666,2021.0,0.2,1.0,0.0,0.0,0.33
SUP-019,Secure Data Exchange,1,0.0416666666666666,2019.0,0.2,0.7,0.0,0.0,0.255
SUP-019,Sinhala Natural Language Interface,1,0.0416666666666666,2021.0,0.2,1.0,0.0,0.0,0.33
SUP-019,Social Profile Linking,1,0.0416666666666666,2014.0,0.2,0.4,0.0,0.0,0.18000000000000002
SUP-020,Active Learning Strategies,1,0.2,2024.0,0.2,1.0,0.0,0.0,0.33
SUP-020,Attention Improvement,1,0.2,2024.0,0.2,1.0,0.0,0.0,0.33
SUP-020,Classroom Interaction,1,0.2,2024.0,0.2,1.0,0.0,0.0,0.33
SUP-020,Peer Learning,1,0.2,2024.0,0.2,1.0,0.0,0.0,0.33
SUP-020,Student Engagement,1,0.2,2024.0,0.2,1.0,0.0,0.0,0.33
SUP-021,Natural Language Processing (NLP),4,0.1739130434782608,2024.0,0.8,1.0,0.0,0.0,0.5700000000000001
SUP-021,Computational Linguistics,2,0.0869565217391304,2024.0,0.4,1.0,0.0,0.0,0.41000000000000003
SUP-021,Knowledge Graphs,2,0.0869565217391304,2024.0,0.4,1.0,0.0,0.0,0.41000000000000003
SUP-021,Machine Transliteration,2,0.0869565217391304,2024.0,0.4,1.0,0.0,0.0,0.41000000000000003
SUP-021,Word Sense Disambiguation (WSD),2,0.0869565217391304,2024.0,0.4,1.0,0.0,0.0,0.41000000000000003
SUP-021,Biomedical Text Mining,1,0.0434782608695652,2024.0,0.2,1.0,0.0,0.0,0.33
SUP-021,Educational Technology,1,0.0434782608695652,2025.0,0.2,1.0,0.0,0.0,0.33
SUP-021,Ethical and Social Implications,1,0.0434782608695652,2025.0,0.2,1.0,0.0,0.0,0.33
SUP-021,Experimental Research Methods,1,0.0434782608695652,2025.0,0.2,1.0,0.0,0.0,0.33
SUP-021,Fuzzy Logic,1,0.0434782608695652,2024.0,0.2,1.0,0.0,0.0,0.33
SUP-021,Generative AI,1,0.0434782608695652,2025.0,0.2,1.0,0.0,0.0,0.33
SUP-021,Human Creativity,1,0.0434782608695652,2025.0,0.2,1.0,0.0,0.0,0.33
SUP-021,Human-Computer Interaction,1,0.0434782608695652,2024.0,0.2,1.0,0.0,0.0,0.33
SUP-021,Knowledge-Based Systems (Trie Data Structure),1,0.0434782608695652,2023.0,0.2,1.0,0.0,0.0,0.33
SUP-021,Large Language Models (LLMs),1,0.0434782608695652,2024.0,0.2,1.0,0.0,0.0,0.33
SUP-021,Statistical Modeling (Trigram),1,0.0434782608695652,2023.0,0.2,1.0,0.0,0.0,0.33
SUP-022,Deep Learning,2,0.0869565217391304,2024.0,0.4,1.0,0.0,0.0,0.41000000000000003
SUP-022,Artificial Intelligence (AI),1,0.0434782608695652,2024.0,0.2,1.0,0.0,0.0,0.33
SUP-022,Artificial Intelligence in Music,1,0.0434782608695652,2023.0,0.2,1.0,0.0,0.0,0.33
SUP-022,Business Process Management,1,0.0434782608695652,2018.0,0.2,0.7,0.0,0.0,0.255
SUP-022,Collaborative Learning,1,0.0434782608695652,2024.0,0.2,1.0,0.0,0.0,0.33
SUP-022,Computational Linguistics,1,0.0434782608695652,2024.0,0.2,1.0,0.0,0.0,0.33
SUP-022,Computational Music,1,0.0434782608695652,2023.0,0.2,1.0,0.0,0.0,0.33
SUP-022,Computer Vision,1,0.0434782608695652,2024.0,0.2,1.0,0.0,0.0,0.33
SUP-022,Customer Feedback & Sentiment Analysis,1,0.0434782608695652,2018.0,0.2,0.7,0.0,0.0,0.255
SUP-022,Customer Relationship Management (CRM),1,0.0434782608695652,2018.0,0.2,0.7,0.0,0.0,0.255
SUP-022,Customer Satisfaction & Loyalty,1,0.0434782608695652,2018.0,0.2,0.7,0.0,0.0,0.255
SUP-022,Digital Humanities,1,0.0434782608695652,2024.0,0.2,1.0,0.0,0.0,0.33
SUP-022,Educational Technology,1,0.0434782608695652,2024.0,0.2,1.0,0.0,0.0,0.33
SUP-022,Finite State Machines (FSM),1,0.0434782608695652,2023.0,0.2,1.0,0.0,0.0,0.33
SUP-022,Generative Adversarial Networks (GANs),1,0.0434782608695652,2023.0,0.2,1.0,0.0,0.0,0.33
SUP-022,Higher Education Pedagogy,1,0.0434782608695652,2024.0,0.2,1.0,0.0,0.0,0.33
SUP-022,Legal Informatics,1,0.0434782608695652,2024.0,0.2,1.0,0.0,0.0,0.33
SUP-022,Marketing & Competitive Strategy,1,0.0434782608695652,2018.0,0.2,0.7,0.0,0.0,0.255
SUP-022,Natural Language Processing (NLP),1,0.0434782608695652,2024.0,0.2,1.0,0.0,0.0,0.33
SUP-022,Optical Character Recognition (OCR),1,0.0434782608695652,2024.0,0.2,1.0,0.0,0.0,0.33
SUP-022,Reading & Study Skills,1,0.0434782608695652,2024.0,0.2,1.0,0.0,0.0,0.33
SUP-022,Teaching & Learning Strategies,1,0.0434782608695652,2024.0,0.2,1.0,0.0,0.0,0.33
SUP-023,Deep Learning,1,0.5,2021.0,0.2,1.0,1.0,0.0,0.53
SUP-023,Generative Adversarial Networks,1,0.5,2021.0,0.2,1.0,0.0,0.0,0.33
SUP-024,Machine Translation,4,0.2105263157894736,2018.0,0.8,0.7,0.0,0.0,0.49500000000000005
SUP-024,Natural Language Processing,4,0.2105263157894736,2018.0,0.8,0.7,1.0,0.0,0.6950000000000001
SUP-024,Sinhala-Tamil Language Processing,2,0.1052631578947368,2018.0,0.4,0.7,0.0,0.0,0.335
SUP-024,Document clustering,1,0.0526315789473684,2021.0,0.2,1.0,0.0,0.0,0.33
SUP-024,Employee Productivity,1,0.0526315789473684,2023.0,0.2,1.0,0.0,0.0,0.33
SUP-024,Employee Turnover,1,0.0526315789473684,2020.0,0.2,0.7,0.0,0.0,0.255
SUP-024,Human Resource Management,1,0.0526315789473684,2020.0,0.2,0.7,0.0,0.0,0.255
SUP-024,Information Technology Industry,1,0.0526315789473684,2023.0,0.2,1.0,0.0,0.0,0.33
SUP-024,Internet of Things (IoT),1,0.0526315789473684,2025.0,0.2,1.0,0.0,0.0,0.33
SUP-024,Recommender Systems,1,0.0526315789473684,2020.0,0.2,0.7,0.0,0.0,0.255
SUP-024,Sentiment Analysis,1,0.0526315789473684,2020.0,0.2,0.7,0.0,0.0,0.255
SUP-024,Work From Home,1,0.0526315789473684,2023.0,0.2,1.0,0.0,0.0,0.33
SUP-025,Computer Vision,1,0.3333333333333333,2023.0,0.2,1.0,0.0,0.0,0.33
SUP-025,Deep Learning,1,0.3333333333333333,2023.0,0.2,1.0,1.0,0.0,0.53
SUP-025,Precision Agriculture,1,0.3333333333333333,2023.0,0.2,1.0,0.0,0.0,0.33
SUP-026,cybersecurity,1,0.5,2023.0,0.2,1.0,1.0,0.0,0.53
SUP-026,machine learning,1,0.5,2023.0,0.2,1.0,1.0,0.0,0.53
SUP-027,Deep Learning,10,0.1204819277108433,2025.0,1.0,1.0,1.0,0.6931471805599453,0.7460279229160083
SUP-027,Computer Vision,6,0.072289156626506,2025.0,1.0,1.0,1.0,0.1823215567939546,0.8226517664809069
SUP-027,Machine Learning,5,0.0602409638554216,2025.0,1.0,1.0,0.0,0.0,0.65
SUP-027,Information Retrieval,3,0.036144578313253,2022.0,0.6,1.0,0.0,0.0,0.49
SUP-027,Recommendation Systems,3,0.036144578313253,2022.0,0.6,1.0,0.0,0.0,0.49
SUP-027,Adversarial Attacks,2,0.0240963855421686,2021.0,0.4,1.0,0.0,0.0,0.41000000000000003
SUP-027,Automated Machine Learning,2,0.0240963855421686,2019.0,0.4,0.7,0.0,0.0,0.335
SUP-027,Cryptocurrency Market Prediction,2,0.0240963855421686,2018.0,0.4,0.7,0.0,0.0,0.335
SUP-027,Hyperparameter Tuning,2,0.0240963855421686,2019.0,0.4,0.7,0.0,0.0,0.335
SUP-027,Image De-Raining,2,0.0240963855421686,2022.0,0.4,1.0,0.0,0.0,0.41000000000000003
SUP-027,Sentiment Analysis,2,0.0240963855421686,2018.0,0.4,0.7,0.0,0.0,0.335
SUP-027,Software Engineering,2,0.0240963855421686,2019.0,0.4,0.7,0.0,0.0,0.335
SUP-027,API Rate Limiting,1,0.0120481927710843,2025.0,0.2,1.0,0.0,0.0,0.33
SUP-027,Automated Front-End Development,1,0.0120481927710843,2019.0,0.2,0.7,0.0,0.0,0.255
SUP-027,Automated Neural Networks,1,0.0120481927710843,2022.0,0.2,1.0,0.0,0.0,0.33
SUP-027,Autonomous Driving,1,0.0120481927710843,2021.0,0.2,1.0,0.0,0.0,0.33
SUP-027,Big Data,1,0.0120481927710843,2018.0,0.2,0.7,0.0,0.0,0.255
SUP-027,Blockchain,1,0.0120481927710843,2022.0,0.2,1.0,0.0,0.0,0.33
SUP-027,Business Intelligence,1,0.0120481927710843,2018.0,0.2,0.7,0.0,0.0,0.255
SUP-027,Cloud Security,1,0.0120481927710843,,0.2,0.4,0.0,0.0,0.18000000000000002
SUP-027,Content Personalization,1,0.0120481927710843,2018.0,0.2,0.7,0.0,0.0,0.255
SUP-027,Cricket Match Prediction,1,0.0120481927710843,2019.0,0.2,0.7,0.0,0.0,0.255
SUP-027,Cybersecurity,1,0.0120481927710843,,0.2,0.4,0.0,0.0,0.18000000000000002
SUP-027,Data Integration,1,0.0120481927710843,2018.0,0.2,0.7,0.0,0.0,0.255
SUP-027,Data Science,1,0.0120481927710843,2022.0,0.2,1.0,0.0,0.0,0.33
SUP-027,Deep Learnin,1,0.0120481927710843,2020.0,0.2,0.7,0.0,0.0,0.255
SUP-027,ECG Signal Processing,1,0.0120481927710843,2020.0,0.2,0.7,0.0,0.0,0.255
SUP-027,Enterprise Resource Planning,1,0.0120481927710843,2018.0,0.2,0.7,0.0,0.0,0.255
SUP-027,Explainable AI,1,0.0120481927710843,,0.2,0.4,1.0,0.0,0.38
SUP-027,Generative Adversarial Networks,1,0.0120481927710843,2021.0,0.2,1.0,0.0,0.0,0.33
SUP-027,Generative Image Modeling,1,0.0120481927710843,2019.0,0.2,0.7,0.0,0.0,0.255
SUP-027,Heart Arrhythmia Detection,1,0.0120481927710843,2020.0,0.2,0.7,0.0,0.0,0.255
SUP-027,Hybrid Recommender Models,1,0.0120481927710843,2022.0,0.2,1.0,0.0,0.0,0.33
SUP-027,Image Enhancement,1,0.0120481927710843,2025.0,0.2,1.0,0.0,0.0,0.33
SUP-027,Knowledge Extraction,1,0.0120481927710843,2018.0,0.2,0.7,0.0,0.0,0.255
SUP-027,Link Analysis Algorithms,1,0.0120481927710843,2018.0,0.2,0.7,0.0,0.0,0.255
SUP-027,Model Evaluation,1,0.0120481927710843,2021.0,0.2,1.0,0.0,0.0,0.33
SUP-027,Model Robustness,1,0.0120481927710843,,0.2,0.4,0.0,0.0,0.18000000000000002
SUP-027,Monocular Depth Estimation,1,0.0120481927710843,2025.0,0.2,1.0,0.0,0.0,0.33
SUP-027,Natural Language Processing,1,0.0120481927710843,2019.0,0.2,0.7,0.0,0.0,0.255
SUP-027,Opinion Mining,1,0.0120481927710843,2022.0,0.2,1.0,0.0,0.0,0.33
SUP-027,Performance Analysis,1,0.0120481927710843,2025.0,0.2,1.0,0.0,0.0,0.33
SUP-027,Plagiarism Detection,1,0.0120481927710843,2019.0,0.2,0.7,0.0,0.0,0.255
SUP-027,Process Automation,1,0.0120481927710843,2019.0,0.2,0.7,0.0,0.0,0.255
SUP-027,Recommender Systems,1,0.0120481927710843,2022.0,0.2,1.0,0.0,0.0,0.33
SUP-027,Reviewer Recommendation Systems,1,0.0120481927710843,2019.0,0.2,0.7,0.0,0.0,0.255
SUP-027,Risk Management,1,0.0120481927710843,2019.0,0.2,0.7,0.0,0.0,0.255
SUP-027,Search Engine Ranking,1,0.0120481927710843,2018.0,0.2,0.7,0.0,0.0,0.255
SUP-027,Software Vulnerability Detection,1,0.0120481927710843,,0.2,0.4,0.0,0.0,0.18000000000000002
SUP-027,Tabular Data,1,0.0120481927710843,2021.0,0.2,1.0,0.0,0.0,0.33
SUP-027,Tea Market Analysis,1,0.0120481927710843,2019.0,0.2,0.7,0.0,0.0,0.255
SUP-027,Text Similarity Analysis,1,0.0120481927710843,2019.0,0.2,0.7,0.0,0.0,0.255
SUP-027,Textual Data Mining,1,0.0120481927710843,2019.0,0.2,0.7,0.0,0.0,0.255
SUP-027,Web Data Mining,1,0.0120481927710843,2018.0,0.2,0.7,0.0,0.0,0.255
SUP-028,Computer Vision,1,0.3333333333333333,2024.0,0.2,1.0,0.0,0.0,0.33
SUP-028,Deep Learning,1,0.3333333333333333,2024.0,0.2,1.0,1.0,0.0,0.53
SUP-028,Environmental Monitoring,1,0.3333333333333333,2024.0,0.2,1.0,0.0,0.0,0.33
SUP-029,Deep Learning,1,0.3333333333333333,2024.0,0.2,1.0,1.0,0.0,0.53
SUP-029,Motion Capture,1,0.3333333333333333,2024.0,0.2,1.0,0.0,0.0,0.33
SUP-029,Virtual Character Emotion Synthesis,1,0.3333333333333333,2024.0,0.2,1.0,0.0,0.0,0.33
SUP-030,Automated Automobile Claim Processing,1,0.125,2021.0,0.2,1.0,0.0,0.0,0.33
SUP-030,Computer Vision,1,0.125,2021.0,0.2,1.0,0.0,0.0,0.33
SUP-030,Machine Learning,1,0.125,2021.0,0.2,1.0,1.0,0.0,0.53
SUP-030,"Neural
Networks",1,0.125,2025.0,0.2,1.0,0.0,0.0,0.33
SUP-030,burn severity classification,1,0.125,2025.0,0.2,1.0,0.0,0.0,0.33
SUP-030,deep learning,1,0.125,2025.0,0.2,1.0,0.0,0.0,0.33
SUP-030,explainable artificial intelligence,1,0.125,2025.0,0.2,1.0,0.0,0.0,0.33
SUP-030,medical image analysis,1,0.125,2025.0,0.2,1.0,0.0,0.0,0.33
SUP-031,celebrity endorsement,1,0.25,,0.2,0.4,0.0,0.0,0.18000000000000002
SUP-031,consumer purchase intention,1,0.25,,0.2,0.4,0.0,0.0,0.18000000000000002
SUP-031,fashion industry,1,0.25,,0.2,0.4,0.0,0.0,0.18000000000000002
SUP-031,social media marketing,1,0.25,,0.2,0.4,0.0,0.0,0.18000000000000002
SUP-032,Circular Hough Transform,1,0.1428571428571428,,0.2,0.4,0.0,0.0,0.18000000000000002
SUP-032,Maximum Likelihood Estimation,1,0.1428571428571428,,0.2,0.4,0.0,0.0,0.18000000000000002
SUP-032,Optimized Circle detection,1,0.1428571428571428,,0.2,0.4,0.0,0.0,0.18000000000000002
SUP-032,computer vision,1,0.1428571428571428,,0.2,0.4,0.0,0.0,0.18000000000000002
SUP-032,deep learning,1,0.1428571428571428,,0.2,0.4,1.0,0.0,0.38
SUP-032,iris extraction,1,0.1428571428571428,,0.2,0.4,0.0,0.0,0.18000000000000002
SUP-032,real-time image processing,1,0.1428571428571428,,0.2,0.4,0.0,0.0,0.18000000000000002
SUP-033,Cybercrime,1,0.0416666666666666,2019.0,0.2,0.7,0.0,0.0,0.255
SUP-033,European Union,1,0.0416666666666666,2019.0,0.2,0.7,0.0,0.0,0.255
SUP-033,Kubernetes secrets management,1,0.0416666666666666,2024.0,0.2,1.0,0.0,0.0,0.33
SUP-033,Sri Lanka,1,0.0416666666666666,2019.0,0.2,0.7,0.0,0.0,0.255
SUP-033,artifact provenance and integrity,1,0.0416666666666666,2025.0,0.2,1.0,0.0,0.0,0.33
SUP-033,augmented reality,1,0.0416666666666666,2022.0,0.2,1.0,0.0,0.0,0.33
SUP-033,automation of access control,1,0.0416666666666666,2024.0,0.2,1.0,0.0,0.0,0.33
SUP-033,cloud-native security,1,0.0416666666666666,2024.0,0.2,1.0,0.0,0.0,0.33
SUP-033,customer churn analytics,1,0.0416666666666666,2025.0,0.2,1.0,0.0,0.0,0.33
SUP-033,customer retention strategy,1,0.0416666666666666,2025.0,0.2,1.0,0.0,0.0,0.33
SUP-033,data extraction from visualizations,1,0.0416666666666666,2023.0,0.2,1.0,0.0,0.0,0.33
SUP-033,data visualization,1,0.0416666666666666,2022.0,0.2,1.0,0.0,0.0,0.33
SUP-033,deep learning,1,0.0416666666666666,2023.0,0.2,1.0,0.0,0.0,0.33
SUP-033,economic crisis in Sri Lanka,1,0.0416666666666666,2025.0,0.2,1.0,0.0,0.0,0.33
SUP-033,education sector workforce,1,0.0416666666666666,2025.0,0.2,1.0,0.0,0.0,0.33
SUP-033,educational technology,1,0.0416666666666666,2022.0,0.2,1.0,0.0,0.0,0.33
SUP-033,explainable artificial intelligence,1,0.0416666666666666,2025.0,0.2,1.0,0.0,0.0,0.33
SUP-033,industrial drawing analysis,1,0.0416666666666666,2023.0,0.2,1.0,0.0,0.0,0.33
SUP-033,microservice architecture,1,0.0416666666666666,2025.0,0.2,1.0,0.0,0.0,0.33
SUP-033,microservice security,1,0.0416666666666666,2024.0,0.2,1.0,0.0,0.0,0.33
SUP-033,skilled migration,1,0.0416666666666666,2025.0,0.2,1.0,0.0,0.0,0.33
SUP-033,software supply chain security,1,0.0416666666666666,2025.0,0.2,1.0,0.0,0.0,0.33
SUP-033,survival analysis,1,0.0416666666666666,2025.0,0.2,1.0,0.0,0.0,0.33
SUP-033,systematic literature review,1,0.0416666666666666,2022.0,0.2,1.0,0.0,0.0,0.33
SUP-034,Affective Computing,1,0.0344827586206896,2024.0,0.2,1.0,0.0,0.0,0.33
SUP-034,C4 Model,1,0.0344827586206896,2023.0,0.2,1.0,0.0,0.0,0.33
SUP-034,Character Animation,1,0.0344827586206896,2024.0,0.2,1.0,0.0,0.0,0.33
SUP-034,Distributed Denial of Service,1,0.0344827586206896,2023.0,0.2,1.0,0.0,0.0,0.33
SUP-034,Emotion Synthesis,1,0.0344827586206896,2024.0,0.2,1.0,0.0,0.0,0.33
SUP-034,Forest fire,1,0.0344827586206896,2019.0,0.2,0.7,0.0,0.0,0.255
SUP-034,Green belt,1,0.0344827586206896,2019.0,0.2,0.7,0.0,0.0,0.255
SUP-034,Human factors,1,0.0344827586206896,2019.0,0.2,0.7,0.0,0.0,0.255
SUP-034,Hybrid Deep Learning,1,0.0344827586206896,2023.0,0.2,1.0,0.0,0.0,0.33
SUP-034,Locomotion Systems,1,0.0344827586206896,2024.0,0.2,1.0,0.0,0.0,0.33
SUP-034,Mental health awareness,1,0.0344827586206896,2022.0,0.2,1.0,0.0,0.0,0.33
SUP-034,Model village,1,0.0344827586206896,2019.0,0.2,0.7,0.0,0.0,0.255
SUP-034,Motion Synthesis,1,0.0344827586206896,2024.0,0.2,1.0,0.0,0.0,0.33
SUP-034,Multiclass Classification,1,0.0344827586206896,2023.0,0.2,1.0,0.0,0.0,0.33
SUP-034,Named Entity Recognition,1,0.0344827586206896,2023.0,0.2,1.0,0.0,0.0,0.33
SUP-034,Natural Language Processing,1,0.0344827586206896,2023.0,0.2,1.0,0.0,0.0,0.33
SUP-034,Recurrent Neural Network,1,0.0344827586206896,2023.0,0.2,1.0,0.0,0.0,0.33
SUP-034,Relation Extraction,1,0.0344827586206896,2023.0,0.2,1.0,0.0,0.0,0.33
SUP-034,Risk,1,0.0344827586206896,2019.0,0.2,0.7,0.0,0.0,0.255
SUP-034,Serious games,1,0.0344827586206896,2022.0,0.2,1.0,0.0,0.0,0.33
SUP-034,Software Architecture Diagram,1,0.0344827586206896,2023.0,0.2,1.0,0.0,0.0,0.33
SUP-034,Supervised learning,1,0.0344827586206896,2023.0,0.2,1.0,0.0,0.0,0.33
SUP-034,chronic kidney disease of unknown etiology,1,0.0344827586206896,2023.0,0.2,1.0,0.0,0.0,0.33
SUP-034,distance learning,1,0.0344827586206896,2018.0,0.2,0.7,0.0,0.0,0.255
SUP-034,environmental health,1,0.0344827586206896,2023.0,0.2,1.0,0.0,0.0,0.33
SUP-034,ethical use,1,0.0344827586206896,2019.0,0.2,0.7,0.0,0.0,0.255
SUP-034,intellectual property,1,0.0344827586206896,2019.0,0.2,0.7,0.0,0.0,0.255
SUP-034,learner self-efficacy,1,0.0344827586206896,2018.0,0.2,0.7,0.0,0.0,0.255
SUP-034,perceived learning,1,0.0344827586206896,2018.0,0.2,0.7,0.0,0.0,0.255
SUP-035,Natural Language Processing,8,0.2285714285714285,2025.0,1.0,1.0,0.0,0.4700036292457356,0.5794994556131396
SUP-035,Machine Learning,7,0.2,2025.0,1.0,1.0,0.0,0.3364722366212129,0.5995291645068181
SUP-035,Digital Humanities,2,0.0571428571428571,2023.0,0.4,1.0,1.0,0.0,0.6100000000000001
SUP-035,Optical Character Recognition,2,0.0571428571428571,2021.0,0.4,1.0,0.0,0.0,0.41000000000000003
SUP-035,Deep Learning,1,0.0285714285714285,2021.0,0.2,1.0,0.0,0.0,0.33
SUP-035,Deep learning,1,0.0285714285714285,2020.0,0.2,0.7,0.0,0.0,0.255
SUP-035,Depression Detection,1,0.0285714285714285,2021.0,0.2,1.0,0.0,0.0,0.33
SUP-035,Depression Severity Analysis,1,0.0285714285714285,2021.0,0.2,1.0,0.0,0.0,0.33
SUP-035,Holocaust testimony analysis,1,0.0285714285714285,2023.0,0.2,1.0,0.0,0.0,0.33
SUP-035,Idiomatic Expression Detection,1,0.0285714285714285,2022.0,0.2,1.0,0.0,0.0,0.33
SUP-035,Knowledge Graphs,1,0.0285714285714285,2023.0,0.2,1.0,0.0,0.0,0.33
SUP-035,Language Contact,1,0.0285714285714285,2024.0,0.2,1.0,0.0,0.0,0.33
SUP-035,Language Models,1,0.0285714285714285,2025.0,0.2,1.0,0.0,0.0,0.33
SUP-035,Lexical Resources,1,0.0285714285714285,2024.0,0.2,1.0,0.0,0.0,0.33
SUP-035,Linked Open Data,1,0.0285714285714285,2024.0,0.2,1.0,0.0,0.0,0.33
SUP-035,Mental Health Analytics,1,0.0285714285714285,2021.0,0.2,1.0,0.0,0.0,0.33
SUP-035,Named Entity Recognition,1,0.0285714285714285,2023.0,0.2,1.0,0.0,0.0,0.33
SUP-035,Offensive Language Detection,1,0.0285714285714285,2025.0,0.2,1.0,0.0,0.0,0.33
SUP-035,Relationship Extraction,1,0.0285714285714285,2023.0,0.2,1.0,0.0,0.0,0.33
SUP-035,Sinhala OCR,1,0.0285714285714285,2020.0,0.2,0.7,0.0,0.0,0.255
SUP-036,Adaptive neuro fuzzy inference system,1,0.0256410256410256,2012.0,0.2,0.4,0.0,0.0,0.18000000000000002
SUP-036,Anomaly Detection,1,0.0256410256410256,2024.0,0.2,1.0,0.0,0.0,0.33
SUP-036,Class Imbalance,1,0.0256410256410256,2024.0,0.2,1.0,0.0,0.0,0.33
SUP-036,Deep Learning,1,0.0256410256410256,2025.0,0.2,1.0,0.0,0.0,0.33
SUP-036,Discrete wavelet transform,1,0.0256410256410256,2012.0,0.2,0.4,0.0,0.0,0.18000000000000002
SUP-036,Employee Turnover,1,0.0256410256410256,2018.0,0.2,0.7,0.0,0.0,0.255
SUP-036,Employee Work-Life Balance,1,0.0256410256410256,2018.0,0.2,0.7,0.0,0.0,0.255
SUP-036,Exoplanet Detection,1,0.0256410256410256,2025.0,0.2,1.0,0.0,0.0,0.33
SUP-036,Fraud Detection,1,0.0256410256410256,2024.0,0.2,1.0,0.0,0.0,0.33
SUP-036,Fraudulent Camouflage,1,0.0256410256410256,2024.0,0.2,1.0,0.0,0.0,0.33
SUP-036,Graph Neural Networks (GNNs),1,0.0256410256410256,2024.0,0.2,1.0,0.0,0.0,0.33
SUP-036,Hybrid Models,1,0.0256410256410256,2025.0,0.2,1.0,0.0,0.0,0.33
SUP-036,IT education,1,0.0256410256410256,2025.0,0.2,1.0,0.0,0.0,0.33
SUP-036,Intelligent Emotion Recognition System,1,0.0256410256410256,2012.0,0.2,0.4,0.0,0.0,0.18000000000000002
SUP-036,Internet of Things,1,0.0256410256410256,2021.0,0.2,1.0,0.0,0.0,0.33
SUP-036,"Job
Stress",1,0.0256410256410256,2018.0,0.2,0.7,0.0,0.0,0.255
SUP-036,Machine Learning,1,0.0256410256410256,2025.0,0.2,1.0,1.0,0.0,0.53
SUP-036,Relative wavelet energy,1,0.0256410256410256,2012.0,0.2,0.4,0.0,0.0,0.18000000000000002
SUP-036,Signal processing,1,0.0256410256410256,2012.0,0.2,0.4,0.0,0.0,0.18000000000000002
SUP-036,Workload,1,0.0256410256410256,2018.0,0.2,0.7,0.0,0.0,0.255
SUP-036,artificial intelligence,1,0.0256410256410256,2025.0,0.2,1.0,0.0,0.0,0.33
SUP-036,assessment and feedback platforms,1,0.0256410256410256,2020.0,0.2,0.7,0.0,0.0,0.255
SUP-036,attention deficit hyperactivity disorder,1,0.0256410256410256,2025.0,0.2,1.0,0.0,0.0,0.33
SUP-036,authentic learning,1,0.0256410256410256,2025.0,0.2,1.0,0.0,0.0,0.33
SUP-036,collaborative learning,1,0.0256410256410256,2025.0,0.2,1.0,0.0,0.0,0.33
SUP-036,collaborative learning systems,1,0.0256410256410256,2021.0,0.2,1.0,0.0,0.0,0.33
SUP-036,deep learning,1,0.0256410256410256,2025.0,0.2,1.0,0.0,0.0,0.33
SUP-036,distributed deep learning,1,0.0256410256410256,2021.0,0.2,1.0,0.0,0.0,0.33
SUP-036,edge intelligence,1,0.0256410256410256,2021.0,0.2,1.0,0.0,0.0,0.33
SUP-036,educational technology,1,0.0256410256410256,2020.0,0.2,0.7,0.0,0.0,0.255
SUP-036,explainable artificial intelligence,1,0.0256410256410256,2025.0,0.2,1.0,0.0,0.0,0.33
SUP-036,industry readiness,1,0.0256410256410256,2025.0,0.2,1.0,0.0,0.0,0.33
SUP-036,innovative pedagogy,1,0.0256410256410256,2025.0,0.2,1.0,0.0,0.0,0.33
SUP-036,machine learning,1,0.0256410256410256,2025.0,0.2,1.0,1.0,0.0,0.53
SUP-036,reading-based pedagogy,1,0.0256410256410256,2025.0,0.2,1.0,0.0,0.0,0.33
SUP-036,self-directed learning,1,0.0256410256410256,2025.0,0.2,1.0,0.0,0.0,0.33
SUP-036,student attendance improvement,1,0.0256410256410256,2020.0,0.2,0.7,0.0,0.0,0.255
SUP-036,student motivation,1,0.0256410256410256,2025.0,0.2,1.0,0.0,0.0,0.33
SUP-036,undergraduate computing education,1,0.0256410256410256,2020.0,0.2,0.7,0.0,0.0,0.255
SUP-037,information retrieval,1,0.25,2023.0,0.2,1.0,0.0,0.0,0.33
SUP-037,lyric-based music retrieval,1,0.25,2023.0,0.2,1.0,0.0,0.0,0.33
SUP-037,natural language processing,1,0.25,2023.0,0.2,1.0,1.0,0.0,0.53
SUP-037,paraphrase-based search,1,0.25,2023.0,0.2,1.0,0.0,0.0,0.33
SUP-038,Automated Marketing,1,0.5,2021.0,0.2,1.0,0.0,0.0,0.33
SUP-038,Web Applications,1,0.5,2021.0,0.2,1.0,0.0,0.0,0.33
SUP-039,Human Computer Interactions (HCI),1,0.25,2022.0,0.2,1.0,0.0,0.0,0.33
SUP-039,deep learning,1,0.25,2022.0,0.2,1.0,0.0,0.0,0.33
SUP-039,information architecture,1,0.25,2022.0,0.2,1.0,0.0,0.0,0.33
SUP-039,natural language processing,1,0.25,2022.0,0.2,1.0,1.0,0.0,0.53
SUP-040,Content Moderation,1,0.1428571428571428,2020.0,0.2,0.7,0.0,0.0,0.255
SUP-040,Convolutional Neural Networks,1,0.1428571428571428,2020.0,0.2,0.7,0.0,0.0,0.255
SUP-040,Handwritten Character Recognition,1,0.1428571428571428,2018.0,0.2,0.7,0.0,0.0,0.255
SUP-040,Image Segmentation,1,0.1428571428571428,2018.0,0.2,0.7,0.0,0.0,0.255
SUP-040,Optical Character Recognition,1,0.1428571428571428,2020.0,0.2,0.7,0.0,0.0,0.255
SUP-040,Sinhala Script,1,0.1428571428571428,2018.0,0.2,0.7,0.0,0.0,0.255
SUP-040,Sinhala and English Script,1,0.1428571428571428,2020.0,0.2,0.7,0.0,0.0,0.255
SUP-041,Deep Learning,2,0.0909090909090909,2025.0,0.4,1.0,0.0,0.0,0.41000000000000003
SUP-041,Anomaly Detection,1,0.0454545454545454,2024.0,0.2,1.0,0.0,0.0,0.33
SUP-041,Astronomical Data Analysis,1,0.0454545454545454,2025.0,0.2,1.0,0.0,0.0,0.33
SUP-041,Class Imbalance,1,0.0454545454545454,2024.0,0.2,1.0,0.0,0.0,0.33
SUP-041,Convolutional Neural Networks (CNNs),1,0.0454545454545454,2025.0,0.2,1.0,0.0,0.0,0.33
SUP-041,Domain-Specific Summarization,1,0.0454545454545454,2025.0,0.2,1.0,0.0,0.0,0.33
SUP-041,Exoplanet Detection,1,0.0454545454545454,2025.0,0.2,1.0,0.0,0.0,0.33
SUP-041,Fraud Detection,1,0.0454545454545454,2024.0,0.2,1.0,0.0,0.0,0.33
SUP-041,Graph Neural Networks (GNNs),1,0.0454545454545454,2024.0,0.2,1.0,0.0,0.0,0.33
SUP-041,Hybrid AI Models,1,0.0454545454545454,2025.0,0.2,1.0,0.0,0.0,0.33
SUP-041,Hybrid Approaches,1,0.0454545454545454,2025.0,0.2,1.0,0.0,0.0,0.33
SUP-041,Image Processing,1,0.0454545454545454,2025.0,0.2,1.0,1.0,0.0,0.53
SUP-041,Machine Learning,1,0.0454545454545454,2025.0,0.2,1.0,0.0,0.0,0.33
SUP-041,Melanoma Detection,1,0.0454545454545454,2025.0,0.2,1.0,0.0,0.0,0.33
SUP-041,NLP Techniques,1,0.0454545454545454,2025.0,0.2,1.0,0.0,0.0,0.33
SUP-041,Remote Sensing,1,0.0454545454545454,2025.0,0.2,1.0,0.0,0.0,0.33
SUP-041,Satellite Image Analysis,1,0.0454545454545454,2025.0,0.2,1.0,0.0,0.0,0.33
SUP-041,Skin Lesion Analysis,1,0.0454545454545454,2025.0,0.2,1.0,0.0,0.0,0.33
SUP-041,Text Summarization,1,0.0454545454545454,2025.0,0.2,1.0,0.0,0.0,0.33
SUP-041,Transformer Models,1,0.0454545454545454,2025.0,0.2,1.0,0.0,0.0,0.33
SUP-041,Wastewater Treatment Plant Detection,1,0.0454545454545454,2025.0,0.2,1.0,0.0,0.0,0.33
SUP-042,elliptic curve cryptography,2,0.1333333333333333,2024.0,0.4,1.0,0.0,0.0,0.41000000000000003
SUP-042,Abelian group,1,0.0666666666666666,2016.0,0.2,0.7,0.0,0.0,0.255
SUP-042,Algebraic span cryptanalysis,1,0.0666666666666666,2021.0,0.2,1.0,0.0,0.0,0.33
SUP-042,Cryptography,1,0.0666666666666666,2021.0,0.2,1.0,1.0,0.0,0.53
SUP-042,Discrete Logarithm Problem,1,0.0666666666666666,2021.0,0.2,1.0,0.0,0.0,0.33
SUP-042,"Generalized
Discrete Logarithm Problem",1,0.0666666666666666,2021.0,0.2,1.0,0.0,0.0,0.33
SUP-042,Hamiltonian Cycle/Path Problem,1,0.0666666666666666,2021.0,0.2,1.0,0.0,0.0,0.33
SUP-042,Hamiltonian Path/Cycle Problem,1,0.0666666666666666,2021.0,0.2,1.0,0.0,0.0,0.33
SUP-042,Internet of Things security,1,0.0666666666666666,2024.0,0.2,1.0,0.0,0.0,0.33
SUP-042,MQTT-based secure communication,1,0.0666666666666666,2024.0,0.2,1.0,0.0,0.0,0.33
SUP-042,cryptography,1,0.0666666666666666,2016.0,0.2,0.7,1.0,0.0,0.455
SUP-042,information security,1,0.0666666666666666,2016.0,0.2,0.7,0.0,0.0,0.255
SUP-042,lightweight cryptography,1,0.0666666666666666,2024.0,0.2,1.0,0.0,0.0,0.33
SUP-042,secure communication,1,0.0666666666666666,2024.0,0.2,1.0,0.0,0.0,0.33
SUP-043,Dye-Sensitized Solar Cells (DSSCs),3,0.12,2017.0,0.6,0.7,0.0,0.0,0.415
SUP-043,ATM Security,1,0.04,2024.0,0.2,1.0,0.0,0.0,0.33
SUP-043,Ant Colony Optimization,1,0.04,2024.0,0.2,1.0,0.0,0.0,0.33
SUP-043,Association Rule Mining,1,0.04,2021.0,0.2,1.0,0.0,0.0,0.33
SUP-043,Cash Level Monitoring,1,0.04,2024.0,0.2,1.0,0.0,0.0,0.33
SUP-043,Computational Chemistry,1,0.04,2018.0,0.2,0.7,0.0,0.0,0.255
SUP-043,Cultural Heritage,1,0.04,2024.0,0.2,1.0,0.0,0.0,0.33
SUP-043,Density Functional Theory (DFT),1,0.04,2018.0,0.2,0.7,0.0,0.0,0.255
SUP-043,Helmet Detection,1,0.04,2024.0,0.2,1.0,0.0,0.0,0.33
SUP-043,Heritage Tourism,1,0.04,2024.0,0.2,1.0,0.0,0.0,0.33
SUP-043,Historical Performance Integration,1,0.04,2024.0,0.2,1.0,0.0,0.0,0.33
SUP-043,Image Processing,1,0.04,2024.0,0.2,1.0,0.0,0.0,0.33
SUP-043,Job Market Analysis,1,0.04,2021.0,0.2,1.0,0.0,0.0,0.33
SUP-043,Light Harvesting Efficiency,1,0.04,2018.0,0.2,0.7,0.0,0.0,0.255
SUP-043,Machine Learning (ML),1,0.04,2024.0,0.2,1.0,0.0,0.0,0.33
SUP-043,Optimization Techniques,1,0.04,2024.0,0.2,1.0,0.0,0.0,0.33
SUP-043,Organic Dye Design,1,0.04,2018.0,0.2,0.7,0.0,0.0,0.255
SUP-043,Sri Lanka,1,0.04,2024.0,0.2,1.0,0.0,0.0,0.33
SUP-043,Sustainable Tourism,1,0.04,2024.0,0.2,1.0,0.0,0.0,0.33
SUP-043,Task Allocation,1,0.04,2024.0,0.2,1.0,0.0,0.0,0.33
SUP-043,Text Mining,1,0.04,2021.0,0.2,1.0,0.0,0.0,0.33
SUP-043,Time-Dependent DFT (TDDFT),1,0.04,2018.0,0.2,0.7,0.0,0.0,0.255
SUP-043,Tourism Technology Adoption,1,0.04,2024.0,0.2,1.0,0.0,0.0,0.33
SUP-044,API gateway rate limiting,1,0.1111111111111111,2025.0,0.2,1.0,0.0,0.0,0.33
SUP-044,cloud development and observability,1,0.1111111111111111,2023.0,0.2,1.0,0.0,0.0,0.33
SUP-044,cloud-based application integration,1,0.1111111111111111,2023.0,0.2,1.0,0.0,0.0,0.33
SUP-044,machine learning models,1,0.1111111111111111,2025.0,0.2,1.0,0.0,0.0,0.33
SUP-044,machine learning–based performance prediction,1,0.1111111111111111,2023.0,0.2,1.0,0.0,0.0,0.33
SUP-044,microservices performance,1,0.1111111111111111,2025.0,0.2,1.0,0.0,0.0,0.33
SUP-044,performance modeling,1,0.1111111111111111,2023.0,0.2,1.0,0.0,0.0,0.33
SUP-044,performance prediction,1,0.1111111111111111,2025.0,0.2,1.0,0.0,0.0,0.33
SUP-044,random forest regression,1,0.1111111111111111,2025.0,0.2,1.0,0.0,0.0,0.33
SUP-045,deep learning,2,0.1052631578947368,2025.0,0.4,1.0,0.0,0.0,0.41000000000000003
SUP-045,Deep Learning,1,0.0526315789473684,2022.0,0.2,1.0,0.0,0.0,0.33
SUP-045,"Generative
Adversarial Networks",1,0.0526315789473684,2022.0,0.2,1.0,0.0,0.0,0.33
SUP-045,Singing Voice Conversion,1,0.0526315789473684,2022.0,0.2,1.0,0.0,0.0,0.33
SUP-045,Voice Conversion,1,0.0526315789473684,2022.0,0.2,1.0,0.0,0.0,0.33
SUP-045,adaptive authentication,1,0.0526315789473684,2025.0,0.2,1.0,0.0,0.0,0.33
SUP-045,artificial intelligence in music,1,0.0526315789473684,2025.0,0.2,1.0,0.0,0.0,0.33
SUP-045,big data analytics,1,0.0526315789473684,2021.0,0.2,1.0,0.0,0.0,0.33
SUP-045,collaborative filtering,1,0.0526315789473684,2021.0,0.2,1.0,0.0,0.0,0.33
SUP-045,computational musicology,1,0.0526315789473684,2025.0,0.2,1.0,0.0,0.0,0.33
SUP-045,hybrid recommendation approaches,1,0.0526315789473684,2021.0,0.2,1.0,0.0,0.0,0.33
SUP-045,machine learning,1,0.0526315789473684,2025.0,0.2,1.0,1.0,0.0,0.53
SUP-045,machine learning–based security,1,0.0526315789473684,2025.0,0.2,1.0,0.0,0.0,0.33
SUP-045,recommender systems,1,0.0526315789473684,2021.0,0.2,1.0,0.0,0.0,0.33
SUP-045,risk-based authentication,1,0.0526315789473684,2025.0,0.2,1.0,0.0,0.0,0.33
SUP-045,transformer neural networks,1,0.0526315789473684,2025.0,0.2,1.0,0.0,0.0,0.33
SUP-045,user behavior analysis,1,0.0526315789473684,2025.0,0.2,1.0,0.0,0.0,0.33
SUP-045,zero trust architecture,1,0.0526315789473684,2025.0,0.2,1.0,0.0,0.0,0.33
SUP-046,Cyber bulling,1,0.2,2024.0,0.2,1.0,0.0,0.0,0.33
SUP-046,artificial intelligence,1,0.2,2024.0,0.2,1.0,0.0,0.0,0.33
SUP-046,hate speech detection,1,0.2,2024.0,0.2,1.0,0.0,0.0,0.33
SUP-046,machine learning,1,0.2,2024.0,0.2,1.0,0.0,0.0,0.33
SUP-046,natural language processing,1,0.2,2024.0,0.2,1.0,1.0,0.0,0.53
SUP-047,machine learning,3,0.1875,2024.0,0.6,1.0,1.0,0.0,0.69
SUP-047,natural language processing,3,0.1875,2024.0,0.6,1.0,0.0,0.0,0.49
SUP-047,deep learning,2,0.125,2023.0,0.4,1.0,0.0,0.0,0.41000000000000003
SUP-047,affective computing,1,0.0625,2023.0,0.2,1.0,0.0,0.0,0.33
SUP-047,agricultural computer vision,1,0.0625,2023.0,0.2,1.0,0.0,0.0,0.33
SUP-047,emoji sentiment analysis,1,0.0625,2023.0,0.2,1.0,0.0,0.0,0.33
SUP-047,multi-class classification,1,0.0625,2024.0,0.2,1.0,0.0,0.0,0.33
SUP-047,personality classification,1,0.0625,2023.0,0.2,1.0,0.0,0.0,0.33
SUP-047,personality detection,1,0.0625,2024.0,0.2,1.0,0.0,0.0,0.33
SUP-047,reinforcement learning,1,0.0625,2023.0,0.2,1.0,0.0,0.0,0.33
SUP-047,tea leaf disease detection,1,0.0625,2023.0,0.2,1.0,0.0,0.0,0.33
SUP-048,clinical decision support,1,0.2,2022.0,0.2,1.0,0.0,0.0,0.33
SUP-048,deep learning,1,0.2,2022.0,0.2,1.0,1.0,0.0,0.53
SUP-048,medical artificial intelligence,1,0.2,2022.0,0.2,1.0,0.0,0.0,0.33
SUP-048,natural language processing in healthcare,1,0.2,2022.0,0.2,1.0,0.0,0.0,0.33
SUP-048,transformer models,1,0.2,2022.0,0.2,1.0,0.0,0.0,0.33
SUP-049,Diffusion-based model,1,0.2,2025.0,0.2,1.0,0.0,0.0,0.33
SUP-049,Sequence to Sequence model,1,0.2,2025.0,0.2,1.0,0.0,0.0,0.33
SUP-049,data augmentation,1,0.2,2025.0,0.2,1.0,0.0,0.0,0.33
SUP-049,handwritten text recognition,1,0.2,2025.0,0.2,1.0,0.0,0.0,0.33
SUP-049,optical character recognition,1,0.2,2025.0,0.2,1.0,0.0,0.0,0.33
SUP-050,Artificial Intelligence,1,0.2,2019.0,0.2,0.7,0.0,0.0,0.255
SUP-050,Computer Game,1,0.2,2019.0,0.2,0.7,0.0,0.0,0.255
SUP-050,Game development,1,0.2,2019.0,0.2,0.7,1.0,0.0,0.455
SUP-050,Procedural Generation,1,0.2,2019.0,0.2,0.7,0.0,0.0,0.255
SUP-050,Single Player Games.,1,0.2,2019.0,0.2,0.7,0.0,0.0,0.255
SUP-051,adaptive grasping,2,0.08,2024.0,0.4,1.0,0.0,0.0,0.41000000000000003
SUP-051,rehabilitation engineering,2,0.08,2024.0,0.4,1.0,0.0,0.0,0.41000000000000003
SUP-051,wearable robotics,2,0.08,2024.0,0.4,1.0,0.0,0.0,0.41000000000000003
SUP-051,assistive robotic hands,1,0.04,2024.0,0.2,1.0,0.0,0.0,0.33
SUP-051,assistive sitting systems,1,0.04,2019.0,0.2,0.7,0.0,0.0,0.255
SUP-051,assistive technology,1,0.04,2024.0,0.2,1.0,0.0,0.0,0.33
SUP-051,chair transfer systems,1,0.04,2024.0,0.2,1.0,0.0,0.0,0.33
SUP-051,circular external fixation,1,0.04,2023.0,0.2,1.0,0.0,0.0,0.33
SUP-051,computer vision,1,0.04,2024.0,0.2,1.0,0.0,0.0,0.33
SUP-051,depth perception,1,0.04,2024.0,0.2,1.0,0.0,0.0,0.33
SUP-051,dexterous robotic manipulation,1,0.04,2024.0,0.2,1.0,0.0,0.0,0.33
SUP-051,external fixator design,1,0.04,2023.0,0.2,1.0,0.0,0.0,0.33
SUP-051,feature extraction,1,0.04,2024.0,0.2,1.0,0.0,0.0,0.33
SUP-051,industrial worker support,1,0.04,2019.0,0.2,0.7,0.0,0.0,0.255
SUP-051,mechanical and kinematic design,1,0.04,2024.0,0.2,1.0,0.0,0.0,0.33
SUP-051,mobility modulation,1,0.04,2024.0,0.2,1.0,0.0,0.0,0.33
SUP-051,orthopedic biomechanics,1,0.04,2023.0,0.2,1.0,0.0,0.0,0.33
SUP-051,orthopedic medical devices,1,0.04,2023.0,0.2,1.0,0.0,0.0,0.33
SUP-051,real-time vision system,1,0.04,2024.0,0.2,1.0,0.0,0.0,0.33
SUP-051,robotic exoskeletons,1,0.04,2019.0,0.2,0.7,0.0,0.0,0.255
SUP-051,robotic hand prostheses,1,0.04,2024.0,0.2,1.0,0.0,0.0,0.33
SUP-051,wheeled mobility devices,1,0.04,2024.0,0.2,1.0,0.0,0.0,0.33
SUP-052,Convolutional Neural Networks,1,0.25,2020.0,0.2,0.7,0.0,0.0,0.255
SUP-052,Speech Synthesis,1,0.25,2020.0,0.2,0.7,0.0,0.0,0.255
SUP-052,Tamil,1,0.25,2020.0,0.2,0.7,0.0,0.0,0.255
SUP-052,Text to Speech,1,0.25,2020.0,0.2,0.7,0.0,0.0,0.255
SUP-053,digital marketplace for artisans,1,0.25,2023.0,0.2,1.0,0.0,0.0,0.33
SUP-053,machine learning and image processing,1,0.25,2023.0,0.2,1.0,0.0,0.0,0.33
SUP-053,mobile application development,1,0.25,2023.0,0.2,1.0,0.0,0.0,0.33
SUP-053,product customization systems,1,0.25,2023.0,0.2,1.0,0.0,0.0,0.33
SUP-054,Internet of Things (IoT),5,0.0632911392405063,2023.0,1.0,1.0,0.0,0.0,0.65
SUP-054,Smart Agriculture,4,0.050632911392405,2025.0,0.8,1.0,1.0,0.0,0.77
SUP-054,Precision Farming,3,0.0379746835443038,2023.0,0.6,1.0,0.0,0.0,0.49
SUP-054,Agricultural Automation,2,0.0253164556962025,2023.0,0.4,1.0,0.0,0.0,0.41000000000000003
SUP-054,Cybersecurity,2,0.0253164556962025,2023.0,0.4,1.0,0.0,0.0,0.41000000000000003
SUP-054,Cybersecurity & Privacy,2,0.0253164556962025,2021.0,0.4,1.0,0.0,0.0,0.41000000000000003
SUP-054,Healthcare Technology,2,0.0253164556962025,2021.0,0.4,1.0,0.0,0.0,0.41000000000000003
SUP-054,IoT Security,2,0.0253164556962025,2025.0,0.4,1.0,0.0,0.0,0.41000000000000003
SUP-054,IoT in Smart Agriculture,2,0.0253164556962025,2023.0,0.4,1.0,0.0,0.0,0.41000000000000003
SUP-054,Sustainable Agriculture,2,0.0253164556962025,2023.0,0.4,1.0,0.0,0.0,0.41000000000000003
SUP-054,AI & IoT in Agriculture,1,0.0126582278481012,2022.0,0.2,1.0,0.0,0.0,0.33
SUP-054,AI-Driven Agriculture,1,0.0126582278481012,2025.0,0.2,1.0,0.0,0.0,0.33
SUP-054,AI-Driven Farming,1,0.0126582278481012,2025.0,0.2,1.0,0.0,0.0,0.33
SUP-054,AI-Powered Cloud Management,1,0.0126582278481012,2025.0,0.2,1.0,0.0,0.0,0.33
SUP-054,Agentic RAG,1,0.0126582278481012,2025.0,0.2,1.0,0.0,0.0,0.33
SUP-054,Anti-Malware & Defense Mechanisms,1,0.0126582278481012,2022.0,0.2,1.0,0.0,0.0,0.33
SUP-054,Artificial Intelligence & Machine Learning,1,0.0126582278481012,2022.0,0.2,1.0,0.0,0.0,0.33
SUP-054,Bacterial Image Classification,1,0.0126582278481012,2026.0,0.2,1.0,0.0,0.0,0.33
SUP-054,Big Data Analytics,1,0.0126582278481012,2020.0,0.2,0.7,0.0,0.0,0.255
SUP-054,Big Data Analytics in Bioinformatics and Healthcare,1,0.0126582278481012,2025.0,0.2,1.0,0.0,0.0,0.33
SUP-054,Carbon-neutral Farming,1,0.0126582278481012,2024.0,0.2,1.0,0.0,0.0,0.33
SUP-054,Climate Change Mitigation,1,0.0126582278481012,2024.0,0.2,1.0,0.0,0.0,0.33
SUP-054,Cloud & Data Technologies,1,0.0126582278481012,2020.0,0.2,0.7,0.0,0.0,0.255
SUP-054,Cloud Computing,1,0.0126582278481012,2022.0,0.2,1.0,1.0,0.0,0.53
SUP-054,Cloud and Big Data for Agriculture,1,0.0126582278481012,2025.0,0.2,1.0,0.0,0.0,0.33
SUP-054,Crop Disease Detection,1,0.0126582278481012,2025.0,0.2,1.0,0.0,0.0,0.33
SUP-054,Crop Yield Optimization,1,0.0126582278481012,2021.0,0.2,1.0,0.0,0.0,0.33
SUP-054,Cyber Threat Hunting,1,0.0126582278481012,2024.0,0.2,1.0,0.0,0.0,0.33
SUP-054,Cyberattack Detection,1,0.0126582278481012,2024.0,0.2,1.0,0.0,0.0,0.33
SUP-054,Cybersecurity in IoT,1,0.0126582278481012,2023.0,0.2,1.0,0.0,0.0,0.33
SUP-054,Cybersecurity in Smart Agriculture,1,0.0126582278481012,2025.0,0.2,1.0,0.0,0.0,0.33
SUP-054,Data Privacy in Healthcare,1,0.0126582278481012,2022.0,0.2,1.0,0.0,0.0,0.33
SUP-054,Data Security and Privacy,1,0.0126582278481012,2025.0,0.2,1.0,0.0,0.0,0.33
SUP-054,Deception Technology,1,0.0126582278481012,2024.0,0.2,1.0,0.0,0.0,0.33
SUP-054,Deception Technology for Agriculture,1,0.0126582278481012,2025.0,0.2,1.0,0.0,0.0,0.33
SUP-054,Deep Learning (CNN),1,0.0126582278481012,2025.0,0.2,1.0,0.0,0.0,0.33
SUP-054,Deep Learning in Microbiology,1,0.0126582278481012,2026.0,0.2,1.0,0.0,0.0,0.33
SUP-054,Emerging IoT Architectures,1,0.0126582278481012,2023.0,0.2,1.0,0.0,0.0,0.33
SUP-054,Federated Learning,1,0.0126582278481012,2022.0,0.2,1.0,0.0,0.0,0.33
SUP-054,Few-Shot Learning,1,0.0126582278481012,2026.0,0.2,1.0,0.0,0.0,0.33
SUP-054,Healthcare AI,1,0.0126582278481012,2022.0,0.2,1.0,0.0,0.0,0.33
SUP-054,Healthcare IoT Security,1,0.0126582278481012,2024.0,0.2,1.0,0.0,0.0,0.33
SUP-054,Hybrid Retrieval,1,0.0126582278481012,2025.0,0.2,1.0,0.0,0.0,0.33
SUP-054,Internet of Nano-Things (IoNT),1,0.0126582278481012,2023.0,0.2,1.0,0.0,0.0,0.33
SUP-054,Internet of Things (IoT) Security,1,0.0126582278481012,2022.0,0.2,1.0,0.0,0.0,0.33
SUP-054,IoT Security & Privacy,1,0.0126582278481012,2023.0,0.2,1.0,0.0,0.0,0.33
SUP-054,IoT in Agriculture,1,0.0126582278481012,2025.0,0.2,1.0,0.0,0.0,0.33
SUP-054,Knowledge Graphs,1,0.0126582278481012,2025.0,0.2,1.0,0.0,0.0,0.33
SUP-054,Machine Learning & Deep Learning,1,0.0126582278481012,2022.0,0.2,1.0,0.0,0.0,0.33
SUP-054,Machine Learning & Deep Learning in Energy Systems,1,0.0126582278481012,2020.0,0.2,0.7,0.0,0.0,0.255
SUP-054,Machine Learning for DoS/DDoS,1,0.0126582278481012,2024.0,0.2,1.0,0.0,0.0,0.33
SUP-054,Managed Service Providers (MSPs),1,0.0126582278481012,2022.0,0.2,1.0,0.0,0.0,0.33
SUP-054,Medical Internet of Things (MIoT),1,0.0126582278481012,2022.0,0.2,1.0,0.0,0.0,0.33
SUP-054,Mobile Applications for Precision Farming,1,0.0126582278481012,2025.0,0.2,1.0,0.0,0.0,0.33
SUP-054,Multilingual AI Chatbots,1,0.0126582278481012,2025.0,0.2,1.0,0.0,0.0,0.33
SUP-054,Pathogen Identification,1,0.0126582278481012,2026.0,0.2,1.0,0.0,0.0,0.33
SUP-054,Personalized Medicine,1,0.0126582278481012,2025.0,0.2,1.0,0.0,0.0,0.33
SUP-054,Privacy Protection,1,0.0126582278481012,2023.0,0.2,1.0,0.0,0.0,0.33
SUP-054,Real-Time Crop Monitoring,1,0.0126582278481012,2023.0,0.2,1.0,0.0,0.0,0.33
SUP-054,Smart Cities,1,0.0126582278481012,2023.0,0.2,1.0,0.0,0.0,0.33
SUP-054,Smart Grid,1,0.0126582278481012,2020.0,0.2,0.7,0.0,0.0,0.255
SUP-054,Smart Health,1,0.0126582278481012,2024.0,0.2,1.0,0.0,0.0,0.33
SUP-054,Smart Health Systems,1,0.0126582278481012,2021.0,0.2,1.0,0.0,0.0,0.33
SUP-055,deep learning,4,0.0909090909090909,2025.0,0.8,1.0,0.0,0.0,0.5700000000000001
SUP-055,graph-based deep learning,3,0.0681818181818181,2022.0,0.6,1.0,0.0,0.0,0.49
SUP-055,graph convolutional networks,2,0.0454545454545454,2022.0,0.4,1.0,0.0,0.0,0.41000000000000003
SUP-055,natural language processing,2,0.0454545454545454,2025.0,0.4,1.0,0.0,0.0,0.41000000000000003
SUP-055,Anomaly Detection,1,0.0227272727272727,2024.0,0.2,1.0,0.0,0.0,0.33
SUP-055,CNN–transformer hybrid methods,1,0.0227272727272727,2025.0,0.2,1.0,0.0,0.0,0.33
SUP-055,Class Imbalance,1,0.0227272727272727,2024.0,0.2,1.0,0.0,0.0,0.33
SUP-055,Fraud Detection,1,0.0227272727272727,2024.0,0.2,1.0,0.0,0.0,0.33
SUP-055,Fraudulent Camouflage,1,0.0227272727272727,2024.0,0.2,1.0,0.0,0.0,0.33
SUP-055,Graph Neural Networks (GNNs),1,0.0227272727272727,2024.0,0.2,1.0,0.0,0.0,0.33
SUP-055,adverse weather condition handling,1,0.0227272727272727,2025.0,0.2,1.0,0.0,0.0,0.33
SUP-055,automatic text summarization,1,0.0227272727272727,2024.0,0.2,1.0,0.0,0.0,0.33
SUP-055,bidirectional LSTM models,1,0.0227272727272727,2023.0,0.2,1.0,0.0,0.0,0.33
SUP-055,bioinformatics disease prediction,1,0.0227272727272727,2020.0,0.2,0.7,0.0,0.0,0.255
SUP-055,circRNA–disease association analysis,1,0.0227272727272727,2020.0,0.2,0.7,0.0,0.0,0.255
SUP-055,circRNA–disease association prediction,1,0.0227272727272727,2022.0,0.2,1.0,0.0,0.0,0.33
SUP-055,climate change impact analysis,1,0.0227272727272727,2025.0,0.2,1.0,0.0,0.0,0.33
SUP-055,computational bioinformatics,1,0.0227272727272727,2022.0,0.2,1.0,0.0,0.0,0.33
SUP-055,computer vision,1,0.0227272727272727,2025.0,0.2,1.0,1.0,0.0,0.53
SUP-055,computer vision and pattern recognition,1,0.0227272727272727,2021.0,0.2,1.0,0.0,0.0,0.33
SUP-055,cryptographic distributed learning,1,0.0227272727272727,2021.0,0.2,1.0,0.0,0.0,0.33
SUP-055,deep learning for ocean modeling,1,0.0227272727272727,2025.0,0.2,1.0,0.0,0.0,0.33
SUP-055,hybrid extractive–abstractive summarization,1,0.0227272727272727,2024.0,0.2,1.0,0.0,0.0,0.33
SUP-055,image and video processing,1,0.0227272727272727,2021.0,0.2,1.0,0.0,0.0,0.33
SUP-055,job market trend prediction,1,0.0227272727272727,2023.0,0.2,1.0,0.0,0.0,0.33
SUP-055,large language models,1,0.0227272727272727,2024.0,0.2,1.0,0.0,0.0,0.33
SUP-055,machine learning,1,0.0227272727272727,2021.0,0.2,1.0,1.0,0.0,0.53
SUP-055,machine learning in climate science,1,0.0227272727272727,2025.0,0.2,1.0,0.0,0.0,0.33
SUP-055,marine heatwave forecasting,1,0.0227272727272727,2025.0,0.2,1.0,0.0,0.0,0.33
SUP-055,medical image analysis,1,0.0227272727272727,2021.0,0.2,1.0,0.0,0.0,0.33
SUP-055,monocular depth estimation,1,0.0227272727272727,2025.0,0.2,1.0,0.0,0.0,0.33
SUP-055,privacy-preserving data analysis,1,0.0227272727272727,2021.0,0.2,1.0,0.0,0.0,0.33
SUP-055,secure machine learning,1,0.0227272727272727,2021.0,0.2,1.0,0.0,0.0,0.33
SUP-055,semantic understanding,1,0.0227272727272727,2025.0,0.2,1.0,0.0,0.0,0.33
SUP-055,software industry analytics,1,0.0227272727272727,2023.0,0.2,1.0,0.0,0.0,0.33
SUP-055,text summarization,1,0.0227272727272727,2025.0,0.2,1.0,0.0,0.0,0.33
SUP-055,time-series forecasting,1,0.0227272727272727,2023.0,0.2,1.0,0.0,0.0,0.33
SUP-057,anomaly detection,1,0.2,2023.0,0.2,1.0,0.0,0.0,0.33
SUP-057,hybrid deep learning,1,0.2,2023.0,0.2,1.0,0.0,0.0,0.33
SUP-057,multiclass  classification,1,0.2,2023.0,0.2,1.0,0.0,0.0,0.33
SUP-057,network traffic classification,1,0.2,2023.0,0.2,1.0,0.0,0.0,0.33
SUP-057,recurrent neural networks,1,0.2,2023.0,0.2,1.0,0.0,0.0,0.33
SUP-058,Elimination,1,0.1666666666666666,2024.0,0.2,1.0,0.0,0.0,0.33
SUP-058,Graph Coloring,1,0.1666666666666666,2024.0,0.2,1.0,0.0,0.0,0.33
SUP-058,Graph Theory,1,0.1666666666666666,2024.0,0.2,1.0,1.0,0.0,0.53
SUP-058,Round Robin,1,0.1666666666666666,2024.0,0.2,1.0,0.0,0.0,0.33
SUP-058,Tournament Scheduling,1,0.1666666666666666,2024.0,0.2,1.0,0.0,0.0,0.33
SUP-058,,1,0.1666666666666666,,0.2,0.4,0.0,0.0,0.18000000000000002
SUP-059,unmanned aerial vehicles,4,0.0851063829787234,2024.0,0.8,1.0,0.0,0.0,0.5700000000000001
SUP-059,precision agriculture,3,0.0638297872340425,2022.0,0.6,1.0,0.0,0.0,0.49
SUP-059,remote sensing in agriculture,3,0.0638297872340425,2021.0,0.6,1.0,0.0,0.0,0.49
SUP-059,crop monitoring,2,0.0425531914893617,2024.0,0.4,1.0,0.0,0.0,0.41000000000000003
SUP-059,geographic information systems,2,0.0425531914893617,2023.0,0.4,1.0,0.0,0.0,0.41000000000000003
SUP-059,vegetation indices,2,0.0425531914893617,2024.0,0.4,1.0,0.0,0.0,0.41000000000000003
SUP-059,GPS-enabled agricultural monitoring,1,0.0212765957446808,2019.0,0.2,0.7,0.0,0.0,0.255
SUP-059,UAV,1,0.0212765957446808,2019.0,0.2,0.7,0.0,0.0,0.255
SUP-059,agricultural crop monitoring,1,0.0212765957446808,2019.0,0.2,0.7,0.0,0.0,0.255
SUP-059,agricultural digital transformation,1,0.0212765957446808,2019.0,0.2,0.7,0.0,0.0,0.255
SUP-059,agricultural remote sensing,1,0.0212765957446808,2022.0,0.2,1.0,0.0,0.0,0.33
SUP-059,agricultural technology governance,1,0.0212765957446808,2019.0,0.2,0.7,0.0,0.0,0.255
SUP-059,binary logistic regression,1,0.0212765957446808,2023.0,0.2,1.0,0.0,0.0,0.33
SUP-059,community development,1,0.0212765957446808,2021.0,0.2,1.0,0.0,0.0,0.33
SUP-059,community-based land boundary demarcation,1,0.0212765957446808,2021.0,0.2,1.0,0.0,0.0,0.33
SUP-059,crop canopy mapping,1,0.0212765957446808,2019.0,0.2,0.7,0.0,0.0,0.255
SUP-059,crop field monitoring,1,0.0212765957446808,2019.0,0.2,0.7,0.0,0.0,0.255
SUP-059,flood susceptibility analysis,1,0.0212765957446808,2023.0,0.2,1.0,0.0,0.0,0.33
SUP-059,geospatial analysis,1,0.0212765957446808,2019.0,0.2,0.7,0.0,0.0,0.255
SUP-059,information and communication technology in agriculture,1,0.0212765957446808,2019.0,0.2,0.7,0.0,0.0,0.255
SUP-059,land use and land cover change,1,0.0212765957446808,2019.0,0.2,0.7,0.0,0.0,0.255
SUP-059,land use and land cover modeling,1,0.0212765957446808,2019.0,0.2,0.7,0.0,0.0,0.255
SUP-059,land use planning,1,0.0212765957446808,2021.0,0.2,1.0,0.0,0.0,0.33
SUP-059,machine learning,1,0.0212765957446808,2024.0,0.2,1.0,0.0,0.0,0.33
SUP-059,machine learning in geospatial analysis,1,0.0212765957446808,2019.0,0.2,0.7,0.0,0.0,0.255
SUP-059,participatory GIS,1,0.0212765957446808,2021.0,0.2,1.0,0.0,0.0,0.33
SUP-059,participatory resource mapping,1,0.0212765957446808,2021.0,0.2,1.0,0.0,0.0,0.33
SUP-059,remote sensing analysis,1,0.0212765957446808,2019.0,0.2,0.7,0.0,0.0,0.255
SUP-059,remote sensing classification,1,0.0212765957446808,2019.0,0.2,0.7,0.0,0.0,0.255
SUP-059,smart agriculture adoption,1,0.0212765957446808,2019.0,0.2,0.7,0.0,0.0,0.255
SUP-059,smart agriculture systems,1,0.0212765957446808,2019.0,0.2,0.7,0.0,0.0,0.255
SUP-059,smart farming technologies,1,0.0212765957446808,2022.0,0.2,1.0,0.0,0.0,0.33
SUP-059,spatial analysis,1,0.0212765957446808,2023.0,0.2,1.0,0.0,0.0,0.33
SUP-059,sugarcane agriculture,1,0.0212765957446808,2024.0,0.2,1.0,0.0,0.0,0.33
SUP-059,sugarcane crop monitoring,1,0.0212765957446808,2021.0,0.2,1.0,0.0,0.0,0.33
SUP-059,urban climatology,1,0.0212765957446808,2019.0,0.2,0.7,0.0,0.0,0.255
SUP-059,urban heat island,1,0.0212765957446808,2019.0,0.2,0.7,0.0,0.0,0.255
SUP-060,deep learning,2,0.0833333333333333,2024.0,0.4,1.0,0.0,0.0,0.41000000000000003
SUP-060,Sinhala Sign Language,1,0.0416666666666666,2020.0,0.2,0.7,0.0,0.0,0.255
SUP-060,Sinhala sentences,1,0.0416666666666666,2024.0,0.2,1.0,0.0,0.0,0.33
SUP-060,assistive communication systems,1,0.0416666666666666,2020.0,0.2,0.7,0.0,0.0,0.255
SUP-060,automated sign language interpretation,1,0.0416666666666666,2020.0,0.2,0.7,0.0,0.0,0.255
SUP-060,convolutional neural networks,1,0.0416666666666666,2024.0,0.2,1.0,0.0,0.0,0.33
SUP-060,cybersecurity,1,0.0416666666666666,2022.0,0.2,1.0,0.0,0.0,0.33
SUP-060,data mining,1,0.0416666666666666,2017.0,0.2,0.7,0.0,0.0,0.255
SUP-060,decision tree classification,1,0.0416666666666666,2017.0,0.2,0.7,0.0,0.0,0.255
SUP-060,intrusion detection,1,0.0416666666666666,2021.0,0.2,1.0,0.0,0.0,0.33
SUP-060,machine learning,1,0.0416666666666666,2022.0,0.2,1.0,1.0,0.0,0.53
SUP-060,machine learning for cybersecurity,1,0.0416666666666666,2021.0,0.2,1.0,0.0,0.0,0.33
SUP-060,network traffic analysis,1,0.0416666666666666,2022.0,0.2,1.0,0.0,0.0,0.33
SUP-060,pattern discovery,1,0.0416666666666666,2017.0,0.2,0.7,0.0,0.0,0.255
SUP-060,real-time intrusion detection systems,1,0.0416666666666666,2022.0,0.2,1.0,0.0,0.0,0.33
SUP-060,road traffic accident analysis,1,0.0416666666666666,2017.0,0.2,0.7,0.0,0.0,0.255
SUP-060,sentiment analysis,1,0.0416666666666666,2024.0,0.2,1.0,0.0,0.0,0.33
SUP-060,sign language,1,0.0416666666666666,2020.0,0.2,0.7,0.0,0.0,0.255
SUP-060,signing dataset,1,0.0416666666666666,2020.0,0.2,0.7,0.0,0.0,0.255
SUP-060,social media text analysis,1,0.0416666666666666,2024.0,0.2,1.0,0.0,0.0,0.33
SUP-060,supervised learning,1,0.0416666666666666,2021.0,0.2,1.0,0.0,0.0,0.33
SUP-060,support vector machines,1,0.0416666666666666,2021.0,0.2,1.0,0.0,0.0,0.33
SUP-060,unsupervised learning,1,0.0416666666666666,2021.0,0.2,1.0,0.0,0.0,0.33
SUP-001,User Interface,0,0.0,,0.0,0.0,1.0,0.0,0.2
SUP-001,Machine Learning,0,0.0,,0.0,0.0,1.0,0.0,0.2
SUP-001,User Experience,0,0.0,,0.0,0.0,1.0,0.0,0.2
SUP-002,Biomedical,0,0.0,,0.0,0.0,1.0,0.0,0.2
SUP-002,Machine Learning,0,0.0,,0.0,0.0,1.0,0.0,0.2
SUP-003,Large Language Models,0,0.0,,0.0,0.0,1.0,0.0,0.2
SUP-003,Ai Agents,0,0.0,,0.0,0.0,1.0,0.0,0.2
SUP-003,Genarative Ai & Diffusion Model,0,0.0,,0.0,0.0,1.0,0.0,0.2
SUP-004,Computer Vision,0,0.0,,0.0,0.0,1.0,0.0,0.2
SUP-004,Machini Learning,0,0.0,,0.0,0.0,1.0,0.0,0.2
SUP-004,Signal Processing,0,0.0,,0.0,0.0,1.0,0.0,0.2
SUP-004,Human Machine Interface,0,0.0,,0.0,0.0,1.0,0.0,0.2
SUP-005,Computer Vision,0,0.0,,0.0,0.0,1.0,0.0,0.2
SUP-005,Machini Learning,0,0.0,,0.0,0.0,1.0,0.0,0.2
SUP-005,Signal Processing,0,0.0,,0.0,0.0,1.0,0.0,0.2
SUP-005,Human Machine Interface,0,0.0,,0.0,0.0,1.0,0.0,0.2
SUP-006,Cloud Computing,0,0.0,,0.0,0.0,1.0,0.0,0.2
SUP-006,Ml - Ops,0,0.0,,0.0,0.0,1.0,0.0,0.2
SUP-006,Machine Learning,0,0.0,,0.0,0.0,1.0,0.0,0.2
SUP-007,Computer Vision,0,0.0,,0.0,0.0,1.0,0.0,0.2
SUP-007,Digital Conservation,0,0.0,,0.0,0.0,1.0,0.0,0.2
SUP-007,Statistics,0,0.0,,0.0,0.0,1.0,0.0,0.2
SUP-007,Education Technology,0,0.0,,0.0,0.0,1.0,0.0,0.2
SUP-007,Image Processing,0,0.0,,0.0,0.0,1.0,0.0,0.2
SUP-007,Mathematics,0,0.0,,0.0,0.0,1.0,0.0,0.2
SUP-007,Software Engineering,0,0.0,,0.0,0.0,1.0,0.0,0.2
SUP-007,Machine Learning,0,0.0,,0.0,0.0,1.0,0.0,0.2
SUP-008,Reincorfement Learning,0,0.0,,0.0,0.0,1.0,0.0,0.2
SUP-008,Artificial Intelligence,0,0.0,,0.0,0.0,1.0,0.0,0.2
SUP-008,Machine Learning,0,0.0,,0.0,0.0,1.0,0.0,0.2
SUP-009,Computer Vision,0,0.0,,0.0,0.0,1.0,0.0,0.2
SUP-009,Natural Language Processing,0,0.0,,0.0,0.0,1.0,0.0,0.2
SUP-009,Optimization Problems,0,0.0,,0.0,0.0,1.0,0.0,0.2
SUP-010,Nlp - Llms,0,0.0,,0.0,0.0,1.0,0.0,0.2
SUP-010,Multimodal Llms,0,0.0,,0.0,0.0,1.0,0.0,0.2
SUP-010,Deep Learning Application Projects,0,0.0,,0.0,0.0,1.0,0.0,0.2
SUP-010,Machine Learning,0,0.0,,0.0,0.0,1.0,0.0,0.2
SUP-011,Data Intergration,0,0.0,,0.0,0.0,1.0,0.0,0.2
SUP-011,Datawarehousing,0,0.0,,0.0,0.0,1.0,0.0,0.2
SUP-011,Predictive Analytics,0,0.0,,0.0,0.0,1.0,0.0,0.2
SUP-011,Machine Learning,0,0.0,,0.0,0.0,1.0,0.0,0.2
SUP-012,Computer Vision,0,0.0,,0.0,0.0,1.0,0.0,0.2
SUP-012,Digital Conservation,0,0.0,,0.0,0.0,1.0,0.0,0.2
SUP-012,Multimodal Technilogy,0,0.0,,0.0,0.0,1.0,0.0,0.2
SUP-012,Image Processing,0,0.0,,0.0,0.0,1.0,0.0,0.2
SUP-012,Software Engineering,0,0.0,,0.0,0.0,1.0,0.0,0.2
SUP-012,Machine Learning,0,0.0,,0.0,0.0,1.0,0.0,0.2
SUP-013,Computer Vision,0,0.0,,0.0,0.0,1.0,0.0,0.2
SUP-013,Transfer Learning,0,0.0,,0.0,0.0,1.0,0.0,0.2
SUP-013,Machine Learning,0,0.0,,0.0,0.0,1.0,0.0,0.2
SUP-014,Recommender System,0,0.0,,0.0,0.0,1.0,0.0,0.2
SUP-014,Human Computer Interface,0,0.0,,0.0,0.0,1.0,0.0,0.2
SUP-014,Data  Visualization,0,0.0,,0.0,0.0,1.0,0.0,0.2
SUP-014,Deep Learning,0,0.0,,0.0,0.0,1.0,0.0,0.2
SUP-014,E - Learning,0,0.0,,0.0,0.0,1.0,0.0,0.2
SUP-014,Web Development,0,0.0,,0.0,0.0,1.0,0.0,0.2
SUP-014,Mechine Learning,0,0.0,,0.0,0.0,1.0,0.0,0.2
SUP-015,Ontology-Based Systems,0,0.0,,0.0,0.0,1.0,0.0,0.2
SUP-015,Software Engineering,0,0.0,,0.0,0.0,1.0,0.0,0.2
SUP-015,Agile Methodologies,0,0.0,,0.0,0.0,1.0,0.0,0.2
SUP-016,Artificial General Intelligence,0,0.0,,0.0,0.0,1.0,0.0,0.2
SUP-016,Data Science,0,0.0,,0.0,0.0,1.0,0.0,0.2
SUP-017,Mobile App Development,0,0.0,,0.0,0.0,1.0,0.0,0.2
SUP-017,Machine Learning,0,0.0,,0.0,0.0,1.0,0.0,0.2
SUP-018,Human Computer Interaction,0,0.0,,0.0,0.0,1.0,0.0,0.2
SUP-018,Digital Game Association With Machine Learning,0,0.0,,0.0,0.0,1.0,0.0,0.2
SUP-019,Data Mining,0,0.0,,0.0,0.0,1.0,0.0,0.2
SUP-019,Recommender Systems,0,0.0,,0.0,0.0,1.0,0.0,0.2
SUP-019,Crud Applications,0,0.0,,0.0,0.0,1.0,0.0,0.2
SUP-019,Opinion Mining,0,0.0,,0.0,0.0,1.0,0.0,0.2
SUP-019,Intelligent Systems,0,0.0,,0.0,0.0,1.0,0.0,0.2
SUP-019,Text Mining,0,0.0,,0.0,0.0,1.0,0.0,0.2
SUP-020,Image Processing,0,0.0,,0.0,0.0,1.0,0.0,0.2
SUP-020,Software Engineering,0,0.0,,0.0,0.0,1.0,0.0,0.2
SUP-020,Web Development,0,0.0,,0.0,0.0,1.0,0.0,0.2
SUP-020,Machine Learning,0,0.0,,0.0,0.0,1.0,0.0,0.2
SUP-021,Natural Language Processing,0,0.0,,0.0,0.0,1.0,0.0,0.2
SUP-021,Ai In Education,0,0.0,,0.0,0.0,1.0,0.0,0.2
SUP-021,Large Language Models,0,0.0,,0.0,0.0,1.0,0.0,0.2
SUP-021,Word Sense Disambiguation,0,0.0,,0.0,0.0,1.0,0.0,0.2
SUP-022,Bioinformatics,0,0.0,,0.0,0.0,1.0,0.0,0.2
SUP-022,Natural Language Processing,0,0.0,,0.0,0.0,1.0,0.0,0.2
SUP-022,Educational Technology And Congitive Development,0,0.0,,0.0,0.0,1.0,0.0,0.2
SUP-022,Ai And Machine Learning,0,0.0,,0.0,0.0,1.0,0.0,0.2
SUP-023,Computer Vision,0,0.0,,0.0,0.0,1.0,0.0,0.2
SUP-023,Gans,0,0.0,,0.0,0.0,1.0,0.0,0.2
SUP-023,Edge Computing,0,0.0,,0.0,0.0,1.0,0.0,0.2
SUP-023,Data Augmentaiton,0,0.0,,0.0,0.0,1.0,0.0,0.2
SUP-024,Ci-Optimization,0,0.0,,0.0,0.0,1.0,0.0,0.2
SUP-025,Signal Processing,0,0.0,,0.0,0.0,1.0,0.0,0.2
SUP-025,Image Processing,0,0.0,,0.0,0.0,1.0,0.0,0.2
SUP-026,Artificial Intelligence,0,0.0,,0.0,0.0,1.0,0.0,0.2
SUP-027,Disease Progression Analysis,0,0.0,,0.0,0.0,1.0,0.0,0.2
SUP-027,Medical Image Analysis,0,0.0,,0.0,0.0,1.0,0.0,0.2
SUP-027,Cnn Architectures,0,0.0,,0.0,0.0,1.0,0.0,0.2
SUP-027,Post-Processing Techniques,0,0.0,,0.0,0.0,1.0,0.0,0.2
SUP-027,Federated Learning,0,0.0,,0.0,0.0,1.0,0.0,0.2
SUP-027,Vision Transformers,0,0.0,,0.0,0.0,1.0,0.0,0.2
SUP-027,3D Medical Imaging,0,0.0,,0.0,0.0,1.0,0.0,0.2
SUP-027,Graph Neural Networks,0,0.0,,0.0,0.0,1.0,0.0,0.2
SUP-027,Multi-Scale Modeling,0,0.0,,0.0,0.0,1.0,0.0,0.2
SUP-027,Multimodal Learning,0,0.0,,0.0,0.0,1.0,0.0,0.2
SUP-027,Transfer Learning,0,0.0,,0.0,0.0,1.0,0.0,0.2
SUP-027,Attention Mechanisms,0,0.0,,0.0,0.0,1.0,0.0,0.2
SUP-027,Data Augmentation,0,0.0,,0.0,0.0,1.0,0.0,0.2
SUP-027,Precision Medicine,0,0.0,,0.0,0.0,1.0,0.0,0.2
SUP-027,Medical Data Integration,0,0.0,,0.0,0.0,1.0,0.0,0.2
SUP-027,Image Segmentation,0,0.0,,0.0,0.0,1.0,0.0,0.2
SUP-027,Few-Shot Learning,0,0.0,,0.0,0.0,1.0,0.0,0.2
SUP-027,Tumor Identification,0,0.0,,0.0,0.0,1.0,0.0,0.2
SUP-028,Image Processing,0,0.0,,0.0,0.0,1.0,0.0,0.2
SUP-028,Machine Learning,0,0.0,,0.0,0.0,1.0,0.0,0.2
SUP-029,Computer Vision,0,0.0,,0.0,0.0,1.0,0.0,0.2
SUP-029,Game Development,0,0.0,,0.0,0.0,1.0,0.0,0.2
SUP-029,Reinforcement Learning,0,0.0,,0.0,0.0,1.0,0.0,0.2
SUP-029,Digital Twins,0,0.0,,0.0,0.0,1.0,0.0,0.2
SUP-029,Generative Ai,0,0.0,,0.0,0.0,1.0,0.0,0.2
SUP-029,Physical-Based Simulations,0,0.0,,0.0,0.0,1.0,0.0,0.2
SUP-029,Robotic,0,0.0,,0.0,0.0,1.0,0.0,0.2
SUP-029,Gamification,0,0.0,,0.0,0.0,1.0,0.0,0.2
SUP-029,Agentic Ai,0,0.0,,0.0,0.0,1.0,0.0,0.2
SUP-030,Image Processing,0,0.0,,0.0,0.0,1.0,0.0,0.2
SUP-031,Natural Language Processing (Nlp),0,0.0,,0.0,0.0,1.0,0.0,0.2
SUP-031,User Experience,0,0.0,,0.0,0.0,1.0,0.0,0.2
SUP-031,Large Language Models,0,0.0,,0.0,0.0,1.0,0.0,0.2
SUP-031,Hci & Ui,0,0.0,,0.0,0.0,1.0,0.0,0.2
SUP-031,Machine Learning,0,0.0,,0.0,0.0,1.0,0.0,0.2
SUP-032,Epidemiology,0,0.0,,0.0,0.0,1.0,0.0,0.2
SUP-032,Mashine Learning,0,0.0,,0.0,0.0,1.0,0.0,0.2
SUP-032,Graph Theory,0,0.0,,0.0,0.0,1.0,0.0,0.2
SUP-032,Computational Mathematics,0,0.0,,0.0,0.0,1.0,0.0,0.2
SUP-032,Data Analytics,0,0.0,,0.0,0.0,1.0,0.0,0.2
SUP-032,Applied Mathematics,0,0.0,,0.0,0.0,1.0,0.0,0.2
SUP-033,Generative Agent Systems For Kubernetes (Mcp,0,0.0,,0.0,0.0,1.0,0.0,0.2
SUP-033,Computer Vision For Human Action Recognition,0,0.0,,0.0,0.0,1.0,0.0,0.2
SUP-033,Ecg Signal Processing & Physiological Pattern Recognition (Physionet),0,0.0,,0.0,0.0,1.0,0.0,0.2
SUP-033,Human-Centered Artificial Intelligence (Hci-Ai),0,0.0,,0.0,0.0,1.0,0.0,0.2
SUP-033,Langgraph),0,0.0,,0.0,0.0,1.0,0.0,0.2
SUP-033,Cloud Digital Twins,0,0.0,,0.0,0.0,1.0,0.0,0.2
SUP-033,Technology-Enhanced Learning (Tel),0,0.0,,0.0,0.0,1.0,0.0,0.2
SUP-033,Educational Knowledge Graphs,0,0.0,,0.0,0.0,1.0,0.0,0.2
SUP-033,Explainable Artificial Intelligence (Xai),0,0.0,,0.0,0.0,1.0,0.0,0.2
SUP-033,Kubernetes Helm & Crd Development,0,0.0,,0.0,0.0,1.0,0.0,0.2
SUP-034,Gaming,0,0.0,,0.0,0.0,1.0,0.0,0.2
SUP-034,Xr And Ai,0,0.0,,0.0,0.0,1.0,0.0,0.2
SUP-034,Large Language Models,0,0.0,,0.0,0.0,1.0,0.0,0.2
SUP-034,Machine Learning,0,0.0,,0.0,0.0,1.0,0.0,0.2
SUP-035,Health Informatics,0,0.0,,0.0,0.0,1.0,0.0,0.2
SUP-035,Language Modelling,0,0.0,,0.0,0.0,1.0,0.0,0.2
SUP-036,Clinical Decision Support Systems,0,0.0,,0.0,0.0,1.0,0.0,0.2
SUP-036,Nlp Based- Clinical Text Analysis,0,0.0,,0.0,0.0,1.0,0.0,0.2
SUP-036,Natural Language Processing,0,0.0,,0.0,0.0,1.0,0.0,0.2
SUP-036,Disease Predection,0,0.0,,0.0,0.0,1.0,0.0,0.2
SUP-036,Missing Data Imputation,0,0.0,,0.0,0.0,1.0,0.0,0.2
SUP-036,Biomedical Informatics,0,0.0,,0.0,0.0,1.0,0.0,0.2
SUP-036,Electronics Health Records,0,0.0,,0.0,0.0,1.0,0.0,0.2
SUP-037,Gaming,0,0.0,,0.0,0.0,1.0,0.0,0.2
SUP-038,Blockchain,0,0.0,,0.0,0.0,1.0,0.0,0.2
SUP-038,Cima,0,0.0,,0.0,0.0,1.0,0.0,0.2
SUP-038,Anomaly Detection With Ml,0,0.0,,0.0,0.0,1.0,0.0,0.2
SUP-038,Medical Ai,0,0.0,,0.0,0.0,1.0,0.0,0.2
SUP-038,Agentic Applications And Ai,0,0.0,,0.0,0.0,1.0,0.0,0.2
SUP-039,Human Computer Interaction,0,0.0,,0.0,0.0,1.0,0.0,0.2
SUP-039,Artificial Intelligence,0,0.0,,0.0,0.0,1.0,0.0,0.2
SUP-039,Database,0,0.0,,0.0,0.0,1.0,0.0,0.2
SUP-039,Cyber Security,0,0.0,,0.0,0.0,1.0,0.0,0.2
SUP-039,Machine Learning,0,0.0,,0.0,0.0,1.0,0.0,0.2
SUP-040,Computer Vision,0,0.0,,0.0,0.0,1.0,0.0,0.2
SUP-040,Deep Learning,0,0.0,,0.0,0.0,1.0,0.0,0.2
SUP-040,Machine Learning,0,0.0,,0.0,0.0,1.0,0.0,0.2
SUP-040,Image Processing,0,0.0,,0.0,0.0,1.0,0.0,0.2
SUP-041,Natural Language Processing,0,0.0,,0.0,0.0,1.0,0.0,0.2
SUP-041,Full Stack Development,0,0.0,,0.0,0.0,1.0,0.0,0.2
SUP-042,Programming,0,0.0,,0.0,0.0,1.0,0.0,0.2
SUP-042,Mathematics,0,0.0,,0.0,0.0,1.0,0.0,0.2
SUP-043,Artificial Intelligence,0,0.0,,0.0,0.0,1.0,0.0,0.2
SUP-043,Data Science,0,0.0,,0.0,0.0,1.0,0.0,0.2
SUP-043,Machine Learning,0,0.0,,0.0,0.0,1.0,0.0,0.2
SUP-044,Natural Language Processing (Nlp),0,0.0,,0.0,0.0,1.0,0.0,0.2
SUP-044,Deep Learning With Omics,0,0.0,,0.0,0.0,1.0,0.0,0.2
SUP-044,Deep Learning,0,0.0,,0.0,0.0,1.0,0.0,0.2
SUP-044,Time Series With Omics,0,0.0,,0.0,0.0,1.0,0.0,0.2
SUP-044,Anomaly Detection,0,0.0,,0.0,0.0,1.0,0.0,0.2
SUP-044,Computor Vission,0,0.0,,0.0,0.0,1.0,0.0,0.2
SUP-044,Cloud Computing,0,0.0,,0.0,0.0,1.0,0.0,0.2
SUP-044,Machine Learning,0,0.0,,0.0,0.0,1.0,0.0,0.2
SUP-045,Computer Vision,0,0.0,,0.0,0.0,1.0,0.0,0.2
SUP-045,User Experience,0,0.0,,0.0,0.0,1.0,0.0,0.2
SUP-045,Recommendation Systems,0,0.0,,0.0,0.0,1.0,0.0,0.2
SUP-045,User Interface,0,0.0,,0.0,0.0,1.0,0.0,0.2
SUP-045,Natural Language Processing,0,0.0,,0.0,0.0,1.0,0.0,0.2
SUP-045,Audio Synthesis,0,0.0,,0.0,0.0,1.0,0.0,0.2
SUP-046,Ethics And Bias Analysis,0,0.0,,0.0,0.0,1.0,0.0,0.2
SUP-046,Image Processing,0,0.0,,0.0,0.0,1.0,0.0,0.2
SUP-047,Cloud Computing,0,0.0,,0.0,0.0,1.0,0.0,0.2
SUP-047,Software Engineering,0,0.0,,0.0,0.0,1.0,0.0,0.2
SUP-047,Ml-Ops,0,0.0,,0.0,0.0,1.0,0.0,0.2
SUP-048,Computer Vision,0,0.0,,0.0,0.0,1.0,0.0,0.2
SUP-048,Cloud Computing,0,0.0,,0.0,0.0,1.0,0.0,0.2
SUP-048,Natural Language Processing,0,0.0,,0.0,0.0,1.0,0.0,0.2
SUP-049,Computer Vision,0,0.0,,0.0,0.0,1.0,0.0,0.2
SUP-049,Natural Language Processing,0,0.0,,0.0,0.0,1.0,0.0,0.2
SUP-049,Machine Learning,0,0.0,,0.0,0.0,1.0,0.0,0.2
SUP-050,Interactive Media,0,0.0,,0.0,0.0,1.0,0.0,0.2
SUP-051,Biomechanics,0,0.0,,0.0,0.0,1.0,0.0,0.2
SUP-051,Biomedical Engineering,0,0.0,,0.0,0.0,1.0,0.0,0.2
SUP-051,Robotics,0,0.0,,0.0,0.0,1.0,0.0,0.2
SUP-051,Brain Machine Interface,0,0.0,,0.0,0.0,1.0,0.0,0.2
SUP-051,Sports Analysis,0,0.0,,0.0,0.0,1.0,0.0,0.2
SUP-051,Exoskeleton And Prosthetics Control,0,0.0,,0.0,0.0,1.0,0.0,0.2
SUP-051,Human Machine Interface,0,0.0,,0.0,0.0,1.0,0.0,0.2
SUP-052,Computer Vision,0,0.0,,0.0,0.0,1.0,0.0,0.2
SUP-052,Speech Tech,0,0.0,,0.0,0.0,1.0,0.0,0.2
SUP-052,Large Language Models (Llm),0,0.0,,0.0,0.0,1.0,0.0,0.2
SUP-052,Search Systems,0,0.0,,0.0,0.0,1.0,0.0,0.2
SUP-052,Embodied Ai,0,0.0,,0.0,0.0,1.0,0.0,0.2
SUP-052,Vision Language Models,0,0.0,,0.0,0.0,1.0,0.0,0.2
SUP-053,E-Procurement,0,0.0,,0.0,0.0,1.0,0.0,0.2
SUP-053,Project Management,0,0.0,,0.0,0.0,1.0,0.0,0.2
SUP-053,Educational Technology,0,0.0,,0.0,0.0,1.0,0.0,0.2
SUP-053,Image Processing,0,0.0,,0.0,0.0,1.0,0.0,0.2
SUP-053,Business,0,0.0,,0.0,0.0,1.0,0.0,0.2
SUP-053,Bio And Medical Informatics,0,0.0,,0.0,0.0,1.0,0.0,0.2
SUP-053,Machine Learning,0,0.0,,0.0,0.0,1.0,0.0,0.2
SUP-054,Computer Vision,0,0.0,,0.0,0.0,1.0,0.0,0.2
SUP-054,Artificial Intelligence,0,0.0,,0.0,0.0,1.0,0.0,0.2
SUP-054,Deep Learning,0,0.0,,0.0,0.0,1.0,0.0,0.2
SUP-054,Cyber Security,0,0.0,,0.0,0.0,1.0,0.0,0.2
SUP-054,Software Engineering,0,0.0,,0.0,0.0,1.0,0.0,0.2
SUP-054,Machine Learning,0,0.0,,0.0,0.0,1.0,0.0,0.2
SUP-055,Meta-Learning,0,0.0,,0.0,0.0,1.0,0.0,0.2
SUP-055,Computer Security,0,0.0,,0.0,0.0,1.0,0.0,0.2
SUP-055,Artificial Intelligence,0,0.0,,0.0,0.0,1.0,0.0,0.2
SUP-055,Federated-Learning,0,0.0,,0.0,0.0,1.0,0.0,0.2
SUP-055,Transfer-Learning,0,0.0,,0.0,0.0,1.0,0.0,0.2
SUP-057,Serverless,0,0.0,,0.0,0.0,1.0,0.0,0.2
SUP-057,Neural Networks,0,0.0,,0.0,0.0,1.0,0.0,0.2
SUP-057,Data Science,0,0.0,,0.0,0.0,1.0,0.0,0.2
SUP-057,Paas,0,0.0,,0.0,0.0,1.0,0.0,0.2
SUP-057,Intelligent Automation),0,0.0,,0.0,0.0,1.0,0.0,0.2
SUP-057,Software Bots,0,0.0,,0.0,0.0,1.0,0.0,0.2
SUP-057,Deep Learning,0,0.0,,0.0,0.0,1.0,0.0,0.2
SUP-057,Generative Ai,0,0.0,,0.0,0.0,1.0,0.0,0.2
SUP-057,Cloud Security),0,0.0,,0.0,0.0,1.0,0.0,0.2
SUP-057,Cloud Computing (Iaas,0,0.0,,0.0,0.0,1.0,0.0,0.2
SUP-057,Saas,0,0.0,,0.0,0.0,1.0,0.0,0.2
SUP-057,Information Security (Cybersecurity),0,0.0,,0.0,0.0,1.0,0.0,0.2
SUP-057,Llms,0,0.0,,0.0,0.0,1.0,0.0,0.2
SUP-057,Robotic Process Automation (Workflow Automation,0,0.0,,0.0,0.0,1.0,0.0,0.2
SUP-057,Ai Agents),0,0.0,,0.0,0.0,1.0,0.0,0.2
SUP-057,Artificial Intelligence (Machine Learning,0,0.0,,0.0,0.0,1.0,0.0,0.2
SUP-058,Optimization,0,0.0,,0.0,0.0,1.0,0.0,0.2
SUP-058,Computational Mathematics,0,0.0,,0.0,0.0,1.0,0.0,0.2
SUP-058,Applied Mathematics,0,0.0,,0.0,0.0,1.0,0.0,0.2
SUP-058,Sports Alalytics,0,0.0,,0.0,0.0,1.0,0.0,0.2
SUP-059,Data Science,0,0.0,,0.0,0.0,1.0,0.0,0.2
SUP-059,Agri-Informatics,0,0.0,,0.0,0.0,1.0,0.0,0.2
SUP-059,Geo-Informatics,0,0.0,,0.0,0.0,1.0,0.0,0.2
SUP-059,Networking,0,0.0,,0.0,0.0,1.0,0.0,0.2
SUP-059,Database Management,0,0.0,,0.0,0.0,1.0,0.0,0.2
SUP-060,Computer Vision,0,0.0,,0.0,0.0,1.0,0.0,0.2
SUP-060,Medical Imaging,0,0.0,,0.0,0.0,1.0,0.0,0.2
